[
    {
        "model": "contenttypes.contenttype",
        "pk": 1,
        "fields": {
            "app_label": "admin",
            "model": "logentry"
        }
    },
    {
        "model": "contenttypes.contenttype",
        "pk": 2,
        "fields": {
            "app_label": "auth",
            "model": "permission"
        }
    },
    {
        "model": "contenttypes.contenttype",
        "pk": 3,
        "fields": {
            "app_label": "auth",
            "model": "group"
        }
    },
    {
        "model": "contenttypes.contenttype",
        "pk": 4,
        "fields": {
            "app_label": "auth",
            "model": "user"
        }
    },
    {
        "model": "contenttypes.contenttype",
        "pk": 5,
        "fields": {
            "app_label": "contenttypes",
            "model": "contenttype"
        }
    },
    {
        "model": "contenttypes.contenttype",
        "pk": 6,
        "fields": {
            "app_label": "sessions",
            "model": "session"
        }
    },
    {
        "model": "contenttypes.contenttype",
        "pk": 7,
        "fields": {
            "app_label": "proj",
            "model": "ngouser"
        }
    },
    {
        "model": "contenttypes.contenttype",
        "pk": 8,
        "fields": {
            "app_label": "proj",
            "model": "usercontributionmodel"
        }
    },
    {
        "model": "contenttypes.contenttype",
        "pk": 9,
        "fields": {
            "app_label": "proj",
            "model": "appuser"
        }
    },
    {
        "model": "contenttypes.contenttype",
        "pk": 10,
        "fields": {
            "app_label": "authtoken",
            "model": "token"
        }
    },
    {
        "model": "contenttypes.contenttype",
        "pk": 11,
        "fields": {
            "app_label": "simple_email_confirmation",
            "model": "emailaddress"
        }
    },
    {
        "model": "contenttypes.contenttype",
        "pk": 12,
        "fields": {
            "app_label": "proj",
            "model": "activeimages"
        }
    },
    {
        "model": "contenttypes.contenttype",
        "pk": 13,
        "fields": {
            "app_label": "proj",
            "model": "activearea"
        }
    },
    {
        "model": "contenttypes.contenttype",
        "pk": 14,
        "fields": {
            "app_label": "field_history",
            "model": "fieldhistory"
        }
    },
    {
        "model": "contenttypes.contenttype",
        "pk": 15,
        "fields": {
            "app_label": "proj",
            "model": "queries"
        }
    },
    {
        "model": "sessions.session",
        "pk": "0897c04vpjkspbklqdnikj4vqqek1rxa",
        "fields": {
            "session_data": "YjkyYWNmZDM1OGZkY2M4MzQwZDhlYjA3MzJlN2ExOWYzYmM0ZWY2ODp7Il9hdXRoX3VzZXJfaWQiOiIzMiIsIl9hdXRoX3VzZXJfYmFja2VuZCI6ImRqYW5nby5jb250cmliLmF1dGguYmFja2VuZHMuTW9kZWxCYWNrZW5kIiwiX2F1dGhfdXNlcl9oYXNoIjoiNjllYjIzZDQ2ZWEyNGMwNGU1YjFmODE3ZDBlZmEyZjNiYjk5MjcxMCJ9",
            "expire_date": "2020-08-13T20:35:42.879Z"
        }
    },
    {
        "model": "sessions.session",
        "pk": "1ibfuzumlo72m0vj101m00wju3890boq",
        "fields": {
            "session_data": "ODQwNzZkNTg2ZWFiM2YyNzZiYmE3NmI1NjgwNWE0NDhmNjJhOTc3NTp7Il9hdXRoX3VzZXJfaWQiOiIxIiwiX2F1dGhfdXNlcl9iYWNrZW5kIjoiZGphbmdvLmNvbnRyaWIuYXV0aC5iYWNrZW5kcy5Nb2RlbEJhY2tlbmQiLCJfYXV0aF91c2VyX2hhc2giOiJmNmI0ODUyMjU4MjUxMmRmYzIwYjEzMTI2MmUwZmMyMjMxY2FlMDA4In0=",
            "expire_date": "2020-06-20T17:20:00.542Z"
        }
    },
    {
        "model": "sessions.session",
        "pk": "2nuj4louli7h38k8vzit1kxip7v1z4g1",
        "fields": {
            "session_data": "Y2RiODRmZjJlMGRkMzY5MWM0NWY4MjAyNDU0ZmRjZDNiZmRkN2EyMzp7Il9hdXRoX3VzZXJfaWQiOiI4IiwiX2F1dGhfdXNlcl9iYWNrZW5kIjoiZGphbmdvLmNvbnRyaWIuYXV0aC5iYWNrZW5kcy5Nb2RlbEJhY2tlbmQiLCJfYXV0aF91c2VyX2hhc2giOiI1NzVjMTkzNTJhMThlYWNhY2VmNTk3MTExMGM4MWYyZGM5YjQzYmRjIn0=",
            "expire_date": "2020-06-22T18:01:13.242Z"
        }
    },
    {
        "model": "sessions.session",
        "pk": "3otba0ew3k472qf46a1xdzbzf83dgtlx",
        "fields": {
            "session_data": "ODQwNzZkNTg2ZWFiM2YyNzZiYmE3NmI1NjgwNWE0NDhmNjJhOTc3NTp7Il9hdXRoX3VzZXJfaWQiOiIxIiwiX2F1dGhfdXNlcl9iYWNrZW5kIjoiZGphbmdvLmNvbnRyaWIuYXV0aC5iYWNrZW5kcy5Nb2RlbEJhY2tlbmQiLCJfYXV0aF91c2VyX2hhc2giOiJmNmI0ODUyMjU4MjUxMmRmYzIwYjEzMTI2MmUwZmMyMjMxY2FlMDA4In0=",
            "expire_date": "2020-08-10T19:36:07.446Z"
        }
    },
    {
        "model": "sessions.session",
        "pk": "5iux33na5lrm5arwhlsvdxh5zbtd4k5x",
        "fields": {
            "session_data": "ODQwNzZkNTg2ZWFiM2YyNzZiYmE3NmI1NjgwNWE0NDhmNjJhOTc3NTp7Il9hdXRoX3VzZXJfaWQiOiIxIiwiX2F1dGhfdXNlcl9iYWNrZW5kIjoiZGphbmdvLmNvbnRyaWIuYXV0aC5iYWNrZW5kcy5Nb2RlbEJhY2tlbmQiLCJfYXV0aF91c2VyX2hhc2giOiJmNmI0ODUyMjU4MjUxMmRmYzIwYjEzMTI2MmUwZmMyMjMxY2FlMDA4In0=",
            "expire_date": "2020-07-26T23:47:18.704Z"
        }
    },
    {
        "model": "sessions.session",
        "pk": "6zoo7g9s9uwek5htonjt46vtf64d2sw9",
        "fields": {
            "session_data": "YjkyYWNmZDM1OGZkY2M4MzQwZDhlYjA3MzJlN2ExOWYzYmM0ZWY2ODp7Il9hdXRoX3VzZXJfaWQiOiIzMiIsIl9hdXRoX3VzZXJfYmFja2VuZCI6ImRqYW5nby5jb250cmliLmF1dGguYmFja2VuZHMuTW9kZWxCYWNrZW5kIiwiX2F1dGhfdXNlcl9oYXNoIjoiNjllYjIzZDQ2ZWEyNGMwNGU1YjFmODE3ZDBlZmEyZjNiYjk5MjcxMCJ9",
            "expire_date": "2020-08-14T08:01:38.236Z"
        }
    },
    {
        "model": "sessions.session",
        "pk": "8x8ocwrks9axzdbe43ra2r774rk3kdpt",
        "fields": {
            "session_data": "ZDkyZDhjNjA5MzM2N2FhNjljNzA1N2JjYjRjZWZiMzcxY2Y5Nzc5ZDp7Il9hdXRoX3VzZXJfaWQiOiIxOSIsIl9hdXRoX3VzZXJfYmFja2VuZCI6ImRqYW5nby5jb250cmliLmF1dGguYmFja2VuZHMuTW9kZWxCYWNrZW5kIiwiX2F1dGhfdXNlcl9oYXNoIjoiM2NiYjAxMDg1Zjk2YzY4NjVjYWUyOWU5N2I1Y2U4MDFmODFiNmVmYiJ9",
            "expire_date": "2020-08-13T06:32:34.471Z"
        }
    },
    {
        "model": "sessions.session",
        "pk": "abcycah2dkoi09lio40n2g8rr8dzwq6n",
        "fields": {
            "session_data": "ODQwNzZkNTg2ZWFiM2YyNzZiYmE3NmI1NjgwNWE0NDhmNjJhOTc3NTp7Il9hdXRoX3VzZXJfaWQiOiIxIiwiX2F1dGhfdXNlcl9iYWNrZW5kIjoiZGphbmdvLmNvbnRyaWIuYXV0aC5iYWNrZW5kcy5Nb2RlbEJhY2tlbmQiLCJfYXV0aF91c2VyX2hhc2giOiJmNmI0ODUyMjU4MjUxMmRmYzIwYjEzMTI2MmUwZmMyMjMxY2FlMDA4In0=",
            "expire_date": "2020-08-12T11:44:01.960Z"
        }
    },
    {
        "model": "sessions.session",
        "pk": "bxpppqrw503p2lxcly6a9i8xypiha49q",
        "fields": {
            "session_data": "ODQwNzZkNTg2ZWFiM2YyNzZiYmE3NmI1NjgwNWE0NDhmNjJhOTc3NTp7Il9hdXRoX3VzZXJfaWQiOiIxIiwiX2F1dGhfdXNlcl9iYWNrZW5kIjoiZGphbmdvLmNvbnRyaWIuYXV0aC5iYWNrZW5kcy5Nb2RlbEJhY2tlbmQiLCJfYXV0aF91c2VyX2hhc2giOiJmNmI0ODUyMjU4MjUxMmRmYzIwYjEzMTI2MmUwZmMyMjMxY2FlMDA4In0=",
            "expire_date": "2020-08-12T11:57:38.332Z"
        }
    },
    {
        "model": "sessions.session",
        "pk": "hj0znc1ejx7voyjsnm9radb9mocscqjs",
        "fields": {
            "session_data": "ODQwNzZkNTg2ZWFiM2YyNzZiYmE3NmI1NjgwNWE0NDhmNjJhOTc3NTp7Il9hdXRoX3VzZXJfaWQiOiIxIiwiX2F1dGhfdXNlcl9iYWNrZW5kIjoiZGphbmdvLmNvbnRyaWIuYXV0aC5iYWNrZW5kcy5Nb2RlbEJhY2tlbmQiLCJfYXV0aF91c2VyX2hhc2giOiJmNmI0ODUyMjU4MjUxMmRmYzIwYjEzMTI2MmUwZmMyMjMxY2FlMDA4In0=",
            "expire_date": "2020-08-12T11:45:12.193Z"
        }
    },
    {
        "model": "sessions.session",
        "pk": "i1cfn0p5t8kg4rsjvfov7suothwltyv0",
        "fields": {
            "session_data": "ODQwNzZkNTg2ZWFiM2YyNzZiYmE3NmI1NjgwNWE0NDhmNjJhOTc3NTp7Il9hdXRoX3VzZXJfaWQiOiIxIiwiX2F1dGhfdXNlcl9iYWNrZW5kIjoiZGphbmdvLmNvbnRyaWIuYXV0aC5iYWNrZW5kcy5Nb2RlbEJhY2tlbmQiLCJfYXV0aF91c2VyX2hhc2giOiJmNmI0ODUyMjU4MjUxMmRmYzIwYjEzMTI2MmUwZmMyMjMxY2FlMDA4In0=",
            "expire_date": "2020-08-13T21:10:37.258Z"
        }
    },
    {
        "model": "sessions.session",
        "pk": "iq899z3ojcipwmyxojnmqkzh3mkxmq73",
        "fields": {
            "session_data": "ODQwNzZkNTg2ZWFiM2YyNzZiYmE3NmI1NjgwNWE0NDhmNjJhOTc3NTp7Il9hdXRoX3VzZXJfaWQiOiIxIiwiX2F1dGhfdXNlcl9iYWNrZW5kIjoiZGphbmdvLmNvbnRyaWIuYXV0aC5iYWNrZW5kcy5Nb2RlbEJhY2tlbmQiLCJfYXV0aF91c2VyX2hhc2giOiJmNmI0ODUyMjU4MjUxMmRmYzIwYjEzMTI2MmUwZmMyMjMxY2FlMDA4In0=",
            "expire_date": "2020-08-15T15:22:18.954Z"
        }
    },
    {
        "model": "sessions.session",
        "pk": "it1p8yug1odaz4xclnymyfu7arcyjssk",
        "fields": {
            "session_data": "ODQwNzZkNTg2ZWFiM2YyNzZiYmE3NmI1NjgwNWE0NDhmNjJhOTc3NTp7Il9hdXRoX3VzZXJfaWQiOiIxIiwiX2F1dGhfdXNlcl9iYWNrZW5kIjoiZGphbmdvLmNvbnRyaWIuYXV0aC5iYWNrZW5kcy5Nb2RlbEJhY2tlbmQiLCJfYXV0aF91c2VyX2hhc2giOiJmNmI0ODUyMjU4MjUxMmRmYzIwYjEzMTI2MmUwZmMyMjMxY2FlMDA4In0=",
            "expire_date": "2020-06-19T18:21:17.505Z"
        }
    },
    {
        "model": "sessions.session",
        "pk": "m5jr0tir6nm6nyzr7wzwg63pnnakk2lf",
        "fields": {
            "session_data": "ODQwNzZkNTg2ZWFiM2YyNzZiYmE3NmI1NjgwNWE0NDhmNjJhOTc3NTp7Il9hdXRoX3VzZXJfaWQiOiIxIiwiX2F1dGhfdXNlcl9iYWNrZW5kIjoiZGphbmdvLmNvbnRyaWIuYXV0aC5iYWNrZW5kcy5Nb2RlbEJhY2tlbmQiLCJfYXV0aF91c2VyX2hhc2giOiJmNmI0ODUyMjU4MjUxMmRmYzIwYjEzMTI2MmUwZmMyMjMxY2FlMDA4In0=",
            "expire_date": "2020-06-22T17:51:44.706Z"
        }
    },
    {
        "model": "sessions.session",
        "pk": "r1ovy8h6cf9mld8umv0xb37sfwhe9wae",
        "fields": {
            "session_data": "ODQwNzZkNTg2ZWFiM2YyNzZiYmE3NmI1NjgwNWE0NDhmNjJhOTc3NTp7Il9hdXRoX3VzZXJfaWQiOiIxIiwiX2F1dGhfdXNlcl9iYWNrZW5kIjoiZGphbmdvLmNvbnRyaWIuYXV0aC5iYWNrZW5kcy5Nb2RlbEJhY2tlbmQiLCJfYXV0aF91c2VyX2hhc2giOiJmNmI0ODUyMjU4MjUxMmRmYzIwYjEzMTI2MmUwZmMyMjMxY2FlMDA4In0=",
            "expire_date": "2020-08-07T12:27:05.924Z"
        }
    },
    {
        "model": "sessions.session",
        "pk": "r48o4gltyvnu0m438kf2b4da3vaba537",
        "fields": {
            "session_data": "ODQwNzZkNTg2ZWFiM2YyNzZiYmE3NmI1NjgwNWE0NDhmNjJhOTc3NTp7Il9hdXRoX3VzZXJfaWQiOiIxIiwiX2F1dGhfdXNlcl9iYWNrZW5kIjoiZGphbmdvLmNvbnRyaWIuYXV0aC5iYWNrZW5kcy5Nb2RlbEJhY2tlbmQiLCJfYXV0aF91c2VyX2hhc2giOiJmNmI0ODUyMjU4MjUxMmRmYzIwYjEzMTI2MmUwZmMyMjMxY2FlMDA4In0=",
            "expire_date": "2020-08-12T11:43:43.284Z"
        }
    },
    {
        "model": "sessions.session",
        "pk": "un2aq0pzvy26de2jjkwmw2cq827l7iaa",
        "fields": {
            "session_data": "ODQwNzZkNTg2ZWFiM2YyNzZiYmE3NmI1NjgwNWE0NDhmNjJhOTc3NTp7Il9hdXRoX3VzZXJfaWQiOiIxIiwiX2F1dGhfdXNlcl9iYWNrZW5kIjoiZGphbmdvLmNvbnRyaWIuYXV0aC5iYWNrZW5kcy5Nb2RlbEJhY2tlbmQiLCJfYXV0aF91c2VyX2hhc2giOiJmNmI0ODUyMjU4MjUxMmRmYzIwYjEzMTI2MmUwZmMyMjMxY2FlMDA4In0=",
            "expire_date": "2020-07-26T17:53:43.679Z"
        }
    },
    {
        "model": "sessions.session",
        "pk": "v195oa05olv24p4cpd7jho1d3c3oaqkf",
        "fields": {
            "session_data": "ODQwNzZkNTg2ZWFiM2YyNzZiYmE3NmI1NjgwNWE0NDhmNjJhOTc3NTp7Il9hdXRoX3VzZXJfaWQiOiIxIiwiX2F1dGhfdXNlcl9iYWNrZW5kIjoiZGphbmdvLmNvbnRyaWIuYXV0aC5iYWNrZW5kcy5Nb2RlbEJhY2tlbmQiLCJfYXV0aF91c2VyX2hhc2giOiJmNmI0ODUyMjU4MjUxMmRmYzIwYjEzMTI2MmUwZmMyMjMxY2FlMDA4In0=",
            "expire_date": "2020-07-27T00:53:46.270Z"
        }
    },
    {
        "model": "sessions.session",
        "pk": "v7dk7eeo9qbewohevpauk94ico1nup1q",
        "fields": {
            "session_data": "ODQwNzZkNTg2ZWFiM2YyNzZiYmE3NmI1NjgwNWE0NDhmNjJhOTc3NTp7Il9hdXRoX3VzZXJfaWQiOiIxIiwiX2F1dGhfdXNlcl9iYWNrZW5kIjoiZGphbmdvLmNvbnRyaWIuYXV0aC5iYWNrZW5kcy5Nb2RlbEJhY2tlbmQiLCJfYXV0aF91c2VyX2hhc2giOiJmNmI0ODUyMjU4MjUxMmRmYzIwYjEzMTI2MmUwZmMyMjMxY2FlMDA4In0=",
            "expire_date": "2020-08-12T11:42:32.788Z"
        }
    },
    {
        "model": "sessions.session",
        "pk": "vv8ha88yk1i8t22btugt4h8kbnc29xrk",
        "fields": {
            "session_data": "ZWY4Zjc2NWM2OGExMzE1ZjExYmFjMTExYjE0ODdkMTdkYmU3MGIyZjp7Il9hdXRoX3VzZXJfaWQiOiIyOCIsIl9hdXRoX3VzZXJfYmFja2VuZCI6ImRqYW5nby5jb250cmliLmF1dGguYmFja2VuZHMuTW9kZWxCYWNrZW5kIiwiX2F1dGhfdXNlcl9oYXNoIjoiMWFkODEwYmE5ODhlZGMzODk3Zjc5NTM5MmY1MzMyN2I4NDU3YzY5ZCJ9",
            "expire_date": "2020-08-14T14:46:50.413Z"
        }
    },
    {
        "model": "sessions.session",
        "pk": "wod79qdrb8alihvdedflqgd8h1yrumje",
        "fields": {
            "session_data": "ODQwNzZkNTg2ZWFiM2YyNzZiYmE3NmI1NjgwNWE0NDhmNjJhOTc3NTp7Il9hdXRoX3VzZXJfaWQiOiIxIiwiX2F1dGhfdXNlcl9iYWNrZW5kIjoiZGphbmdvLmNvbnRyaWIuYXV0aC5iYWNrZW5kcy5Nb2RlbEJhY2tlbmQiLCJfYXV0aF91c2VyX2hhc2giOiJmNmI0ODUyMjU4MjUxMmRmYzIwYjEzMTI2MmUwZmMyMjMxY2FlMDA4In0=",
            "expire_date": "2020-08-12T11:42:56.281Z"
        }
    },
    {
        "model": "sessions.session",
        "pk": "x4r9v92hfytep0is3ogt9szou7rf81f2",
        "fields": {
            "session_data": "ODQwNzZkNTg2ZWFiM2YyNzZiYmE3NmI1NjgwNWE0NDhmNjJhOTc3NTp7Il9hdXRoX3VzZXJfaWQiOiIxIiwiX2F1dGhfdXNlcl9iYWNrZW5kIjoiZGphbmdvLmNvbnRyaWIuYXV0aC5iYWNrZW5kcy5Nb2RlbEJhY2tlbmQiLCJfYXV0aF91c2VyX2hhc2giOiJmNmI0ODUyMjU4MjUxMmRmYzIwYjEzMTI2MmUwZmMyMjMxY2FlMDA4In0=",
            "expire_date": "2020-08-12T11:42:41.048Z"
        }
    },
    {
        "model": "sessions.session",
        "pk": "zcczp1hfaqcchixflekxarow2zmqun42",
        "fields": {
            "session_data": "ZGE5OWQ2NDRlMzVmZThkNmFkZWViYmYwMTUyOGVmNDNhOWNhZGViNDp7Il9hdXRoX3VzZXJfaWQiOiIyMyIsIl9hdXRoX3VzZXJfYmFja2VuZCI6ImRqYW5nby5jb250cmliLmF1dGguYmFja2VuZHMuTW9kZWxCYWNrZW5kIiwiX2F1dGhfdXNlcl9oYXNoIjoiNGUxZDY2ZTNmMTMxYmVjNTVkYzlhMGY2YzExYmY1YTBkNzE2NzIxYyJ9",
            "expire_date": "2020-08-12T11:42:01.141Z"
        }
    },
    {
        "model": "sessions.session",
        "pk": "zkb21gsd3uju1htoxrnalz3mzwwwpj7w",
        "fields": {
            "session_data": "YjkyYWNmZDM1OGZkY2M4MzQwZDhlYjA3MzJlN2ExOWYzYmM0ZWY2ODp7Il9hdXRoX3VzZXJfaWQiOiIzMiIsIl9hdXRoX3VzZXJfYmFja2VuZCI6ImRqYW5nby5jb250cmliLmF1dGguYmFja2VuZHMuTW9kZWxCYWNrZW5kIiwiX2F1dGhfdXNlcl9oYXNoIjoiNjllYjIzZDQ2ZWEyNGMwNGU1YjFmODE3ZDBlZmEyZjNiYjk5MjcxMCJ9",
            "expire_date": "2020-08-14T02:00:20.097Z"
        }
    },
    {
        "model": "sessions.session",
        "pk": "zrq93ijfxpsgc3wsxa2y55cqpcazxu83",
        "fields": {
            "session_data": "ZDkyZDhjNjA5MzM2N2FhNjljNzA1N2JjYjRjZWZiMzcxY2Y5Nzc5ZDp7Il9hdXRoX3VzZXJfaWQiOiIxOSIsIl9hdXRoX3VzZXJfYmFja2VuZCI6ImRqYW5nby5jb250cmliLmF1dGguYmFja2VuZHMuTW9kZWxCYWNrZW5kIiwiX2F1dGhfdXNlcl9oYXNoIjoiM2NiYjAxMDg1Zjk2YzY4NjVjYWUyOWU5N2I1Y2U4MDFmODFiNmVmYiJ9",
            "expire_date": "2020-08-10T13:09:04.755Z"
        }
    },
    {
        "model": "auth.permission",
        "pk": 1,
        "fields": {
            "name": "Can add log entry",
            "content_type": 1,
            "codename": "add_logentry"
        }
    },
    {
        "model": "auth.permission",
        "pk": 2,
        "fields": {
            "name": "Can change log entry",
            "content_type": 1,
            "codename": "change_logentry"
        }
    },
    {
        "model": "auth.permission",
        "pk": 3,
        "fields": {
            "name": "Can delete log entry",
            "content_type": 1,
            "codename": "delete_logentry"
        }
    },
    {
        "model": "auth.permission",
        "pk": 4,
        "fields": {
            "name": "Can view log entry",
            "content_type": 1,
            "codename": "view_logentry"
        }
    },
    {
        "model": "auth.permission",
        "pk": 5,
        "fields": {
            "name": "Can add permission",
            "content_type": 2,
            "codename": "add_permission"
        }
    },
    {
        "model": "auth.permission",
        "pk": 6,
        "fields": {
            "name": "Can change permission",
            "content_type": 2,
            "codename": "change_permission"
        }
    },
    {
        "model": "auth.permission",
        "pk": 7,
        "fields": {
            "name": "Can delete permission",
            "content_type": 2,
            "codename": "delete_permission"
        }
    },
    {
        "model": "auth.permission",
        "pk": 8,
        "fields": {
            "name": "Can view permission",
            "content_type": 2,
            "codename": "view_permission"
        }
    },
    {
        "model": "auth.permission",
        "pk": 9,
        "fields": {
            "name": "Can add group",
            "content_type": 3,
            "codename": "add_group"
        }
    },
    {
        "model": "auth.permission",
        "pk": 10,
        "fields": {
            "name": "Can change group",
            "content_type": 3,
            "codename": "change_group"
        }
    },
    {
        "model": "auth.permission",
        "pk": 11,
        "fields": {
            "name": "Can delete group",
            "content_type": 3,
            "codename": "delete_group"
        }
    },
    {
        "model": "auth.permission",
        "pk": 12,
        "fields": {
            "name": "Can view group",
            "content_type": 3,
            "codename": "view_group"
        }
    },
    {
        "model": "auth.permission",
        "pk": 13,
        "fields": {
            "name": "Can add user",
            "content_type": 4,
            "codename": "add_user"
        }
    },
    {
        "model": "auth.permission",
        "pk": 14,
        "fields": {
            "name": "Can change user",
            "content_type": 4,
            "codename": "change_user"
        }
    },
    {
        "model": "auth.permission",
        "pk": 15,
        "fields": {
            "name": "Can delete user",
            "content_type": 4,
            "codename": "delete_user"
        }
    },
    {
        "model": "auth.permission",
        "pk": 16,
        "fields": {
            "name": "Can view user",
            "content_type": 4,
            "codename": "view_user"
        }
    },
    {
        "model": "auth.permission",
        "pk": 17,
        "fields": {
            "name": "Can add content type",
            "content_type": 5,
            "codename": "add_contenttype"
        }
    },
    {
        "model": "auth.permission",
        "pk": 18,
        "fields": {
            "name": "Can change content type",
            "content_type": 5,
            "codename": "change_contenttype"
        }
    },
    {
        "model": "auth.permission",
        "pk": 19,
        "fields": {
            "name": "Can delete content type",
            "content_type": 5,
            "codename": "delete_contenttype"
        }
    },
    {
        "model": "auth.permission",
        "pk": 20,
        "fields": {
            "name": "Can view content type",
            "content_type": 5,
            "codename": "view_contenttype"
        }
    },
    {
        "model": "auth.permission",
        "pk": 21,
        "fields": {
            "name": "Can add session",
            "content_type": 6,
            "codename": "add_session"
        }
    },
    {
        "model": "auth.permission",
        "pk": 22,
        "fields": {
            "name": "Can change session",
            "content_type": 6,
            "codename": "change_session"
        }
    },
    {
        "model": "auth.permission",
        "pk": 23,
        "fields": {
            "name": "Can delete session",
            "content_type": 6,
            "codename": "delete_session"
        }
    },
    {
        "model": "auth.permission",
        "pk": 24,
        "fields": {
            "name": "Can view session",
            "content_type": 6,
            "codename": "view_session"
        }
    },
    {
        "model": "auth.permission",
        "pk": 25,
        "fields": {
            "name": "Can add ngo user",
            "content_type": 7,
            "codename": "add_ngouser"
        }
    },
    {
        "model": "auth.permission",
        "pk": 26,
        "fields": {
            "name": "Can change ngo user",
            "content_type": 7,
            "codename": "change_ngouser"
        }
    },
    {
        "model": "auth.permission",
        "pk": 27,
        "fields": {
            "name": "Can delete ngo user",
            "content_type": 7,
            "codename": "delete_ngouser"
        }
    },
    {
        "model": "auth.permission",
        "pk": 28,
        "fields": {
            "name": "Can view ngo user",
            "content_type": 7,
            "codename": "view_ngouser"
        }
    },
    {
        "model": "auth.permission",
        "pk": 29,
        "fields": {
            "name": "Can add user contribution model",
            "content_type": 8,
            "codename": "add_usercontributionmodel"
        }
    },
    {
        "model": "auth.permission",
        "pk": 30,
        "fields": {
            "name": "Can change user contribution model",
            "content_type": 8,
            "codename": "change_usercontributionmodel"
        }
    },
    {
        "model": "auth.permission",
        "pk": 31,
        "fields": {
            "name": "Can delete user contribution model",
            "content_type": 8,
            "codename": "delete_usercontributionmodel"
        }
    },
    {
        "model": "auth.permission",
        "pk": 32,
        "fields": {
            "name": "Can view user contribution model",
            "content_type": 8,
            "codename": "view_usercontributionmodel"
        }
    },
    {
        "model": "auth.permission",
        "pk": 33,
        "fields": {
            "name": "Can add app user",
            "content_type": 9,
            "codename": "add_appuser"
        }
    },
    {
        "model": "auth.permission",
        "pk": 34,
        "fields": {
            "name": "Can change app user",
            "content_type": 9,
            "codename": "change_appuser"
        }
    },
    {
        "model": "auth.permission",
        "pk": 35,
        "fields": {
            "name": "Can delete app user",
            "content_type": 9,
            "codename": "delete_appuser"
        }
    },
    {
        "model": "auth.permission",
        "pk": 36,
        "fields": {
            "name": "Can view app user",
            "content_type": 9,
            "codename": "view_appuser"
        }
    },
    {
        "model": "auth.permission",
        "pk": 37,
        "fields": {
            "name": "Can add Token",
            "content_type": 10,
            "codename": "add_token"
        }
    },
    {
        "model": "auth.permission",
        "pk": 38,
        "fields": {
            "name": "Can change Token",
            "content_type": 10,
            "codename": "change_token"
        }
    },
    {
        "model": "auth.permission",
        "pk": 39,
        "fields": {
            "name": "Can delete Token",
            "content_type": 10,
            "codename": "delete_token"
        }
    },
    {
        "model": "auth.permission",
        "pk": 40,
        "fields": {
            "name": "Can view Token",
            "content_type": 10,
            "codename": "view_token"
        }
    },
    {
        "model": "auth.permission",
        "pk": 41,
        "fields": {
            "name": "Can add email address",
            "content_type": 11,
            "codename": "add_emailaddress"
        }
    },
    {
        "model": "auth.permission",
        "pk": 42,
        "fields": {
            "name": "Can change email address",
            "content_type": 11,
            "codename": "change_emailaddress"
        }
    },
    {
        "model": "auth.permission",
        "pk": 43,
        "fields": {
            "name": "Can delete email address",
            "content_type": 11,
            "codename": "delete_emailaddress"
        }
    },
    {
        "model": "auth.permission",
        "pk": 44,
        "fields": {
            "name": "Can view email address",
            "content_type": 11,
            "codename": "view_emailaddress"
        }
    },
    {
        "model": "auth.permission",
        "pk": 45,
        "fields": {
            "name": "Can add active images",
            "content_type": 12,
            "codename": "add_activeimages"
        }
    },
    {
        "model": "auth.permission",
        "pk": 46,
        "fields": {
            "name": "Can change active images",
            "content_type": 12,
            "codename": "change_activeimages"
        }
    },
    {
        "model": "auth.permission",
        "pk": 47,
        "fields": {
            "name": "Can delete active images",
            "content_type": 12,
            "codename": "delete_activeimages"
        }
    },
    {
        "model": "auth.permission",
        "pk": 48,
        "fields": {
            "name": "Can view active images",
            "content_type": 12,
            "codename": "view_activeimages"
        }
    },
    {
        "model": "auth.permission",
        "pk": 49,
        "fields": {
            "name": "Can add active area",
            "content_type": 13,
            "codename": "add_activearea"
        }
    },
    {
        "model": "auth.permission",
        "pk": 50,
        "fields": {
            "name": "Can change active area",
            "content_type": 13,
            "codename": "change_activearea"
        }
    },
    {
        "model": "auth.permission",
        "pk": 51,
        "fields": {
            "name": "Can delete active area",
            "content_type": 13,
            "codename": "delete_activearea"
        }
    },
    {
        "model": "auth.permission",
        "pk": 52,
        "fields": {
            "name": "Can view active area",
            "content_type": 13,
            "codename": "view_activearea"
        }
    },
    {
        "model": "auth.permission",
        "pk": 53,
        "fields": {
            "name": "Can add field history",
            "content_type": 14,
            "codename": "add_fieldhistory"
        }
    },
    {
        "model": "auth.permission",
        "pk": 54,
        "fields": {
            "name": "Can change field history",
            "content_type": 14,
            "codename": "change_fieldhistory"
        }
    },
    {
        "model": "auth.permission",
        "pk": 55,
        "fields": {
            "name": "Can delete field history",
            "content_type": 14,
            "codename": "delete_fieldhistory"
        }
    },
    {
        "model": "auth.permission",
        "pk": 56,
        "fields": {
            "name": "Can view field history",
            "content_type": 14,
            "codename": "view_fieldhistory"
        }
    },
    {
        "model": "auth.permission",
        "pk": 57,
        "fields": {
            "name": "Can add queries",
            "content_type": 15,
            "codename": "add_queries"
        }
    },
    {
        "model": "auth.permission",
        "pk": 58,
        "fields": {
            "name": "Can change queries",
            "content_type": 15,
            "codename": "change_queries"
        }
    },
    {
        "model": "auth.permission",
        "pk": 59,
        "fields": {
            "name": "Can delete queries",
            "content_type": 15,
            "codename": "delete_queries"
        }
    },
    {
        "model": "auth.permission",
        "pk": 60,
        "fields": {
            "name": "Can view queries",
            "content_type": 15,
            "codename": "view_queries"
        }
    },
    {
        "model": "auth.group",
        "pk": 1,
        "fields": {
            "name": "AppUsers",
            "permissions": []
        }
    },
    {
        "model": "auth.group",
        "pk": 2,
        "fields": {
            "name": "Government",
            "permissions": []
        }
    },
    {
        "model": "auth.group",
        "pk": 3,
        "fields": {
            "name": "NGO",
            "permissions": []
        }
    },
    {
        "model": "auth.user",
        "pk": 1,
        "fields": {
            "password": "pbkdf2_sha256$180000$hezPpZpuV22w$uscE2Frl4/QJ2T0fz+85/keop1Rva8zhh7gBalH/f1E=",
            "last_login": "2020-08-01T15:22:18.904Z",
            "is_superuser": true,
            "username": "aryan",
            "first_name": "Aryan",
            "last_name": "Khandelwal",
            "email": "nk28agra@gmail.com",
            "is_staff": true,
            "is_active": true,
            "date_joined": "2020-06-05T18:09:55Z",
            "groups": [
                1
            ],
            "user_permissions": []
        }
    },
    {
        "model": "auth.user",
        "pk": 25,
        "fields": {
            "password": "pbkdf2_sha256$180000$v9ofPrBmL44H$AyENq+kXeshzwArHxPHWp2VtHObnTrH8Ke/dZJqiPv4=",
            "last_login": "2020-07-30T18:22:17.374Z",
            "is_superuser": false,
            "username": "Rohan",
            "first_name": "Rohan",
            "last_name": "Nishant",
            "email": "nk25agra@gmail.com",
            "is_staff": false,
            "is_active": true,
            "date_joined": "2020-07-30T18:21:00.631Z",
            "groups": [
                1
            ],
            "user_permissions": []
        }
    },
    {
        "model": "auth.user",
        "pk": 28,
        "fields": {
            "password": "pbkdf2_sha256$180000$TObHByZw0Rq5$W6a8X39c0MAvb9x0yWNHNUpa55T/EWEuGhe8Im4jTTQ=",
            "last_login": "2020-08-01T05:08:11.954Z",
            "is_superuser": false,
            "username": "CFSCC",
            "first_name": "Clean India",
            "last_name": "Mission",
            "email": "mine@gamil.com",
            "is_staff": false,
            "is_active": true,
            "date_joined": "2020-07-30T18:35:23Z",
            "groups": [
                3
            ],
            "user_permissions": []
        }
    },
    {
        "model": "auth.user",
        "pk": 29,
        "fields": {
            "password": "pbkdf2_sha256$180000$hNm7hwrw7Tkb$l+Wbl9smy6imusU8A8QAiQTy1ERsosbBbfNWo41W2l4=",
            "last_login": null,
            "is_superuser": false,
            "username": "Rashi",
            "first_name": "Rashi",
            "last_name": "Gupta",
            "email": "rashi@gmail.com",
            "is_staff": false,
            "is_active": true,
            "date_joined": "2020-07-30T18:39:03Z",
            "groups": [
                1
            ],
            "user_permissions": []
        }
    },
    {
        "model": "auth.user",
        "pk": 30,
        "fields": {
            "password": "pbkdf2_sha256$180000$GoYzWEJbffg7$9nWWNeR9OZekTNiFOKLhSNPdxt0qFC2tQbjous81MRw=",
            "last_login": "2020-08-01T03:57:06.867Z",
            "is_superuser": false,
            "username": "NGOShuddhiGlobal",
            "first_name": "Shuddhi",
            "last_name": "Global",
            "email": "shuddhiglobal142@gmail.com",
            "is_staff": false,
            "is_active": true,
            "date_joined": "2020-07-30T18:41:57Z",
            "groups": [
                3
            ],
            "user_permissions": []
        }
    },
    {
        "model": "auth.user",
        "pk": 31,
        "fields": {
            "password": "pbkdf2_sha256$180000$39i1VXnkMRlF$cNMi8+L2Ukd57i0qc6VPKweBV/d4FwPeo7u68rMvweg=",
            "last_login": null,
            "is_superuser": false,
            "username": "UPGovernment",
            "first_name": "UP",
            "last_name": "Governement",
            "email": "bharatSarkar@gmail.com",
            "is_staff": false,
            "is_active": true,
            "date_joined": "2020-07-30T19:27:31Z",
            "groups": [
                2
            ],
            "user_permissions": []
        }
    },
    {
        "model": "auth.user",
        "pk": 32,
        "fields": {
            "password": "pbkdf2_sha256$180000$vwSd3uY6h3Yh$ne7m4dNtzYAWFvZ+XeZv9iDe5agfn2Z0mgdKgR4ZaY0=",
            "last_login": "2020-07-31T08:01:38.229Z",
            "is_superuser": false,
            "username": "Governement12",
            "first_name": "Central",
            "last_name": "Governement",
            "email": "centralgovernment@bharat.com",
            "is_staff": false,
            "is_active": true,
            "date_joined": "2020-07-30T19:29:03Z",
            "groups": [
                2
            ],
            "user_permissions": []
        }
    },
    {
        "model": "auth.user",
        "pk": 33,
        "fields": {
            "password": "pbkdf2_sha256$180000$gLZTQdCuAEAv$vrcEYFL67+oekpn95S0n7N/eirEFwE2qYf1u3m9bfcM=",
            "last_login": null,
            "is_superuser": false,
            "username": "temp1",
            "first_name": "",
            "last_name": "",
            "email": "",
            "is_staff": false,
            "is_active": true,
            "date_joined": "2020-07-30T19:49:41Z",
            "groups": [
                3
            ],
            "user_permissions": []
        }
    },
    {
        "model": "auth.user",
        "pk": 34,
        "fields": {
            "password": "pbkdf2_sha256$180000$EAC6sfaHFPv0$qMq/hGCIc7RwEnzrZHrLaHgVNBti1y6X8ib4p+VNhRk=",
            "last_login": null,
            "is_superuser": false,
            "username": "temp2",
            "first_name": "",
            "last_name": "",
            "email": "",
            "is_staff": false,
            "is_active": true,
            "date_joined": "2020-07-30T19:50:18Z",
            "groups": [
                3
            ],
            "user_permissions": []
        }
    },
    {
        "model": "auth.user",
        "pk": 36,
        "fields": {
            "password": "pbkdf2_sha256$180000$o0RGPlNOnqx4$JVqXWwI01s747OIlCaEeO/dwMP3ANk5tCyJJm3S7v9M=",
            "last_login": null,
            "is_superuser": false,
            "username": "CleanSquad",
            "first_name": "Clean",
            "last_name": "is Green",
            "email": "cleanindia_squad@gmail.com",
            "is_staff": false,
            "is_active": true,
            "date_joined": "2020-07-30T21:11:25Z",
            "groups": [
                3
            ],
            "user_permissions": []
        }
    },
    {
        "model": "field_history.fieldhistory",
        "pk": 29,
        "fields": {
            "object_id": "17",
            "content_type": 8,
            "field_name": "contribution",
            "serialized_data": "[{\"model\": \"proj.usercontributionmodel\", \"pk\": 17, \"fields\": {\"contribution\": 0}}]",
            "date_created": "2020-07-30T18:21:05.888Z",
            "user": null
        }
    },
    {
        "model": "field_history.fieldhistory",
        "pk": 30,
        "fields": {
            "object_id": "18",
            "content_type": 8,
            "field_name": "contribution",
            "serialized_data": "[{\"model\": \"proj.usercontributionmodel\", \"pk\": 18, \"fields\": {\"contribution\": 0}}]",
            "date_created": "2020-07-30T18:26:39.601Z",
            "user": null
        }
    },
    {
        "model": "field_history.fieldhistory",
        "pk": 31,
        "fields": {
            "object_id": "19",
            "content_type": 8,
            "field_name": "contribution",
            "serialized_data": "[{\"model\": \"proj.usercontributionmodel\", \"pk\": 19, \"fields\": {\"contribution\": 0}}]",
            "date_created": "2020-07-30T18:31:59.690Z",
            "user": null
        }
    },
    {
        "model": "field_history.fieldhistory",
        "pk": 32,
        "fields": {
            "object_id": "20",
            "content_type": 8,
            "field_name": "contribution",
            "serialized_data": "[{\"model\": \"proj.usercontributionmodel\", \"pk\": 20, \"fields\": {\"contribution\": 0}}]",
            "date_created": "2020-07-30T18:36:41.811Z",
            "user": null
        }
    },
    {
        "model": "field_history.fieldhistory",
        "pk": 33,
        "fields": {
            "object_id": "21",
            "content_type": 8,
            "field_name": "contribution",
            "serialized_data": "[{\"model\": \"proj.usercontributionmodel\", \"pk\": 21, \"fields\": {\"contribution\": 0}}]",
            "date_created": "2020-07-30T18:39:39.812Z",
            "user": null
        }
    },
    {
        "model": "field_history.fieldhistory",
        "pk": 34,
        "fields": {
            "object_id": "22",
            "content_type": 8,
            "field_name": "contribution",
            "serialized_data": "[{\"model\": \"proj.usercontributionmodel\", \"pk\": 22, \"fields\": {\"contribution\": 0}}]",
            "date_created": "2020-07-30T18:43:03.686Z",
            "user": null
        }
    },
    {
        "model": "field_history.fieldhistory",
        "pk": 35,
        "fields": {
            "object_id": "1",
            "content_type": 8,
            "field_name": "contribution",
            "serialized_data": "[{\"model\": \"proj.usercontributionmodel\", \"pk\": 1, \"fields\": {\"contribution\": 0}}]",
            "date_created": "2020-07-30T19:00:46.131Z",
            "user": null
        }
    },
    {
        "model": "field_history.fieldhistory",
        "pk": 36,
        "fields": {
            "object_id": "17",
            "content_type": 8,
            "field_name": "contribution",
            "serialized_data": "[{\"model\": \"proj.usercontributionmodel\", \"pk\": 17, \"fields\": {\"contribution\": 1}}]",
            "date_created": "2020-07-30T19:03:41.064Z",
            "user": null
        }
    },
    {
        "model": "field_history.fieldhistory",
        "pk": 37,
        "fields": {
            "object_id": "17",
            "content_type": 8,
            "field_name": "contribution",
            "serialized_data": "[{\"model\": \"proj.usercontributionmodel\", \"pk\": 17, \"fields\": {\"contribution\": 2}}]",
            "date_created": "2020-07-30T19:04:14.232Z",
            "user": null
        }
    },
    {
        "model": "field_history.fieldhistory",
        "pk": 38,
        "fields": {
            "object_id": "17",
            "content_type": 8,
            "field_name": "contribution",
            "serialized_data": "[{\"model\": \"proj.usercontributionmodel\", \"pk\": 17, \"fields\": {\"contribution\": 3}}]",
            "date_created": "2020-07-30T19:04:29.632Z",
            "user": null
        }
    },
    {
        "model": "field_history.fieldhistory",
        "pk": 39,
        "fields": {
            "object_id": "1",
            "content_type": 8,
            "field_name": "contribution",
            "serialized_data": "[{\"model\": \"proj.usercontributionmodel\", \"pk\": 1, \"fields\": {\"contribution\": 1}}]",
            "date_created": "2020-07-30T19:07:53.780Z",
            "user": null
        }
    },
    {
        "model": "field_history.fieldhistory",
        "pk": 40,
        "fields": {
            "object_id": "1",
            "content_type": 8,
            "field_name": "contribution",
            "serialized_data": "[{\"model\": \"proj.usercontributionmodel\", \"pk\": 1, \"fields\": {\"contribution\": 2}}]",
            "date_created": "2020-07-30T19:08:24.287Z",
            "user": null
        }
    },
    {
        "model": "field_history.fieldhistory",
        "pk": 41,
        "fields": {
            "object_id": "1",
            "content_type": 8,
            "field_name": "contribution",
            "serialized_data": "[{\"model\": \"proj.usercontributionmodel\", \"pk\": 1, \"fields\": {\"contribution\": 3}}]",
            "date_created": "2020-07-30T19:09:04.687Z",
            "user": null
        }
    },
    {
        "model": "field_history.fieldhistory",
        "pk": 42,
        "fields": {
            "object_id": "1",
            "content_type": 8,
            "field_name": "contribution",
            "serialized_data": "[{\"model\": \"proj.usercontributionmodel\", \"pk\": 1, \"fields\": {\"contribution\": 4}}]",
            "date_created": "2020-07-30T19:09:17.923Z",
            "user": null
        }
    },
    {
        "model": "field_history.fieldhistory",
        "pk": 43,
        "fields": {
            "object_id": "1",
            "content_type": 8,
            "field_name": "contribution",
            "serialized_data": "[{\"model\": \"proj.usercontributionmodel\", \"pk\": 1, \"fields\": {\"contribution\": 5}}]",
            "date_created": "2020-07-30T19:09:30.797Z",
            "user": null
        }
    },
    {
        "model": "field_history.fieldhistory",
        "pk": 44,
        "fields": {
            "object_id": "21",
            "content_type": 8,
            "field_name": "contribution",
            "serialized_data": "[{\"model\": \"proj.usercontributionmodel\", \"pk\": 21, \"fields\": {\"contribution\": 1}}]",
            "date_created": "2020-07-30T19:12:52.835Z",
            "user": null
        }
    },
    {
        "model": "field_history.fieldhistory",
        "pk": 45,
        "fields": {
            "object_id": "21",
            "content_type": 8,
            "field_name": "contribution",
            "serialized_data": "[{\"model\": \"proj.usercontributionmodel\", \"pk\": 21, \"fields\": {\"contribution\": 2}}]",
            "date_created": "2020-07-30T19:13:08.018Z",
            "user": null
        }
    },
    {
        "model": "field_history.fieldhistory",
        "pk": 46,
        "fields": {
            "object_id": "21",
            "content_type": 8,
            "field_name": "contribution",
            "serialized_data": "[{\"model\": \"proj.usercontributionmodel\", \"pk\": 21, \"fields\": {\"contribution\": 3}}]",
            "date_created": "2020-07-30T19:13:19.641Z",
            "user": null
        }
    },
    {
        "model": "field_history.fieldhistory",
        "pk": 47,
        "fields": {
            "object_id": "21",
            "content_type": 8,
            "field_name": "contribution",
            "serialized_data": "[{\"model\": \"proj.usercontributionmodel\", \"pk\": 21, \"fields\": {\"contribution\": 4}}]",
            "date_created": "2020-07-30T19:13:30.596Z",
            "user": null
        }
    },
    {
        "model": "field_history.fieldhistory",
        "pk": 48,
        "fields": {
            "object_id": "23",
            "content_type": 8,
            "field_name": "contribution",
            "serialized_data": "[{\"model\": \"proj.usercontributionmodel\", \"pk\": 23, \"fields\": {\"contribution\": 0}}]",
            "date_created": "2020-07-30T19:29:51.470Z",
            "user": null
        }
    },
    {
        "model": "field_history.fieldhistory",
        "pk": 49,
        "fields": {
            "object_id": "24",
            "content_type": 8,
            "field_name": "contribution",
            "serialized_data": "[{\"model\": \"proj.usercontributionmodel\", \"pk\": 24, \"fields\": {\"contribution\": 0}}]",
            "date_created": "2020-07-30T19:29:58.079Z",
            "user": null
        }
    },
    {
        "model": "field_history.fieldhistory",
        "pk": 50,
        "fields": {
            "object_id": "18",
            "content_type": 8,
            "field_name": "contribution",
            "serialized_data": "[{\"model\": \"proj.usercontributionmodel\", \"pk\": 18, \"fields\": {\"contribution\": \"39\"}}]",
            "date_created": "2020-07-30T19:40:26.919Z",
            "user": null
        }
    },
    {
        "model": "field_history.fieldhistory",
        "pk": 51,
        "fields": {
            "object_id": "19",
            "content_type": 8,
            "field_name": "contribution",
            "serialized_data": "[{\"model\": \"proj.usercontributionmodel\", \"pk\": 19, \"fields\": {\"contribution\": \"50\"}}]",
            "date_created": "2020-07-30T19:40:40.748Z",
            "user": null
        }
    },
    {
        "model": "field_history.fieldhistory",
        "pk": 52,
        "fields": {
            "object_id": "20",
            "content_type": 8,
            "field_name": "contribution",
            "serialized_data": "[{\"model\": \"proj.usercontributionmodel\", \"pk\": 20, \"fields\": {\"contribution\": \"10\"}}]",
            "date_created": "2020-07-30T19:40:50.526Z",
            "user": null
        }
    },
    {
        "model": "field_history.fieldhistory",
        "pk": 53,
        "fields": {
            "object_id": "22",
            "content_type": 8,
            "field_name": "contribution",
            "serialized_data": "[{\"model\": \"proj.usercontributionmodel\", \"pk\": 22, \"fields\": {\"contribution\": \"48\"}}]",
            "date_created": "2020-07-30T19:41:06.650Z",
            "user": null
        }
    },
    {
        "model": "field_history.fieldhistory",
        "pk": 54,
        "fields": {
            "object_id": "25",
            "content_type": 8,
            "field_name": "contribution",
            "serialized_data": "[{\"model\": \"proj.usercontributionmodel\", \"pk\": 25, \"fields\": {\"contribution\": 0}}]",
            "date_created": "2020-07-30T19:55:03.628Z",
            "user": null
        }
    },
    {
        "model": "field_history.fieldhistory",
        "pk": 55,
        "fields": {
            "object_id": "26",
            "content_type": 8,
            "field_name": "contribution",
            "serialized_data": "[{\"model\": \"proj.usercontributionmodel\", \"pk\": 26, \"fields\": {\"contribution\": 0}}]",
            "date_created": "2020-07-30T19:55:08.722Z",
            "user": null
        }
    },
    {
        "model": "field_history.fieldhistory",
        "pk": 56,
        "fields": {
            "object_id": "27",
            "content_type": 8,
            "field_name": "contribution",
            "serialized_data": "[{\"model\": \"proj.usercontributionmodel\", \"pk\": 27, \"fields\": {\"contribution\": 0}}]",
            "date_created": "2020-07-30T19:55:13.906Z",
            "user": null
        }
    },
    {
        "model": "field_history.fieldhistory",
        "pk": 57,
        "fields": {
            "object_id": "28",
            "content_type": 8,
            "field_name": "contribution",
            "serialized_data": "[{\"model\": \"proj.usercontributionmodel\", \"pk\": 28, \"fields\": {\"contribution\": 50}}]",
            "date_created": "2020-07-30T21:12:16.782Z",
            "user": null
        }
    },
    {
        "model": "field_history.fieldhistory",
        "pk": 58,
        "fields": {
            "object_id": "1",
            "content_type": 8,
            "field_name": "contribution",
            "serialized_data": "[{\"model\": \"proj.usercontributionmodel\", \"pk\": 1, \"fields\": {\"contribution\": 6}}]",
            "date_created": "2020-08-01T15:58:15.352Z",
            "user": null
        }
    },
    {
        "model": "proj.appuser",
        "pk": 2,
        "fields": {
            "user": 1,
            "mob": "+917906224093",
            "address": "Any"
        }
    },
    {
        "model": "proj.appuser",
        "pk": 16,
        "fields": {
            "user": 25,
            "mob": "+917906224093",
            "address": "Jamshedpur,Jharkhand"
        }
    },
    {
        "model": "proj.appuser",
        "pk": 19,
        "fields": {
            "user": 28,
            "mob": "+918077467306",
            "address": "Delhi,India"
        }
    },
    {
        "model": "proj.appuser",
        "pk": 20,
        "fields": {
            "user": 29,
            "mob": "+917906224093",
            "address": "Ranchi,India"
        }
    },
    {
        "model": "proj.appuser",
        "pk": 21,
        "fields": {
            "user": 30,
            "mob": "+917906224093",
            "address": "Dehradun,Uttarakhan"
        }
    },
    {
        "model": "proj.appuser",
        "pk": 22,
        "fields": {
            "user": 31,
            "mob": "+917906224093",
            "address": "Agra,UP"
        }
    },
    {
        "model": "proj.appuser",
        "pk": 23,
        "fields": {
            "user": 32,
            "mob": "+917906224093",
            "address": "Delhi,India"
        }
    },
    {
        "model": "proj.appuser",
        "pk": 24,
        "fields": {
            "user": 33,
            "mob": "+917906224093",
            "address": "Any,India"
        }
    },
    {
        "model": "proj.appuser",
        "pk": 25,
        "fields": {
            "user": 34,
            "mob": "+917906224093",
            "address": "Any,India"
        }
    },
    {
        "model": "proj.appuser",
        "pk": 27,
        "fields": {
            "user": 36,
            "mob": "+917906224093",
            "address": "Agra,India"
        }
    },
    {
        "model": "proj.usercontributionmodel",
        "pk": 1,
        "fields": {
            "user": 1,
            "contribution": 6,
            "workCompleted": 0
        }
    },
    {
        "model": "proj.usercontributionmodel",
        "pk": 17,
        "fields": {
            "user": 25,
            "contribution": 3,
            "workCompleted": 0
        }
    },
    {
        "model": "proj.usercontributionmodel",
        "pk": 20,
        "fields": {
            "user": 28,
            "contribution": 10,
            "workCompleted": 1
        }
    },
    {
        "model": "proj.usercontributionmodel",
        "pk": 21,
        "fields": {
            "user": 29,
            "contribution": 4,
            "workCompleted": 0
        }
    },
    {
        "model": "proj.usercontributionmodel",
        "pk": 22,
        "fields": {
            "user": 30,
            "contribution": 48,
            "workCompleted": 0
        }
    },
    {
        "model": "proj.usercontributionmodel",
        "pk": 23,
        "fields": {
            "user": 31,
            "contribution": 0,
            "workCompleted": 0
        }
    },
    {
        "model": "proj.usercontributionmodel",
        "pk": 24,
        "fields": {
            "user": 32,
            "contribution": 0,
            "workCompleted": 0
        }
    },
    {
        "model": "proj.usercontributionmodel",
        "pk": 25,
        "fields": {
            "user": 33,
            "contribution": 0,
            "workCompleted": 0
        }
    },
    {
        "model": "proj.usercontributionmodel",
        "pk": 26,
        "fields": {
            "user": 34,
            "contribution": 0,
            "workCompleted": 0
        }
    },
    {
        "model": "proj.usercontributionmodel",
        "pk": 28,
        "fields": {
            "user": 36,
            "contribution": 50,
            "workCompleted": 0
        }
    },
    {
        "model": "proj.activearea",
        "pk": 42,
        "fields": {
            "index": 45,
            "lat": 27.2265675,
            "lon": 78.0211441,
            "timestamp": "2020-07-30T19:18:42.948Z",
            "completed": false,
            "reviewed": true,
            "ngo": 30
        }
    },
    {
        "model": "proj.activearea",
        "pk": 44,
        "fields": {
            "index": 185,
            "lat": 23.2275889,
            "lon": 81.0218198,
            "timestamp": "2020-07-30T19:43:02.617Z",
            "completed": true,
            "reviewed": true,
            "ngo": 28
        }
    },
    {
        "model": "proj.activearea",
        "pk": 46,
        "fields": {
            "index": 80,
            "lat": 15.0,
            "lon": 74.0,
            "timestamp": "2020-07-30T19:35:36.663Z",
            "completed": false,
            "reviewed": false,
            "ngo": null
        }
    },
    {
        "model": "proj.activearea",
        "pk": 47,
        "fields": {
            "index": 100,
            "lat": 18.0,
            "lon": 80.0,
            "timestamp": "2020-07-30T19:35:37.747Z",
            "completed": false,
            "reviewed": false,
            "ngo": null
        }
    },
    {
        "model": "proj.activearea",
        "pk": 48,
        "fields": {
            "index": 45,
            "lat": 19.076,
            "lon": 72.8777,
            "timestamp": "2020-08-01T03:17:26.891Z",
            "completed": false,
            "reviewed": false,
            "ngo": null
        }
    },
    {
        "model": "proj.activearea",
        "pk": 49,
        "fields": {
            "index": 45,
            "lat": 20.0,
            "lon": 73.0,
            "timestamp": "2020-08-01T03:17:27.026Z",
            "completed": false,
            "reviewed": false,
            "ngo": null
        }
    },
    {
        "model": "proj.activearea",
        "pk": 50,
        "fields": {
            "index": 55,
            "lat": 18.5204,
            "lon": 73.8567,
            "timestamp": "2020-08-01T03:17:27.127Z",
            "completed": false,
            "reviewed": false,
            "ngo": null
        }
    },
    {
        "model": "proj.activeimages",
        "pk": 51,
        "fields": {
            "area": 42,
            "contributinguser": 25,
            "name": "image_picker2084710479888518441.jpg",
            "lat": 27.2265675,
            "lon": 78.0211441,
            "timestamp": "2020-07-30T19:03:40.776Z",
            "animals": 1,
            "completed": false
        }
    },
    {
        "model": "proj.activeimages",
        "pk": 54,
        "fields": {
            "area": 44,
            "contributinguser": 1,
            "name": "image_picker3707238134033246618.jpg",
            "lat": 23.2275889,
            "lon": 81.0218198,
            "timestamp": "2020-07-30T19:07:53.308Z",
            "animals": 1,
            "completed": true
        }
    },
    {
        "model": "proj.activeimages",
        "pk": 55,
        "fields": {
            "area": 44,
            "contributinguser": 1,
            "name": "image_picker3373209735133466361.jpg",
            "lat": 23.2275889,
            "lon": 81.02182,
            "timestamp": "2020-07-30T19:08:24.170Z",
            "animals": 0,
            "completed": true
        }
    },
    {
        "model": "proj.activeimages",
        "pk": 56,
        "fields": {
            "area": 44,
            "contributinguser": 1,
            "name": "image_picker8928418570781515383.jpg",
            "lat": 23.2275889,
            "lon": 81.02182,
            "timestamp": "2020-07-30T19:09:04.419Z",
            "animals": 0,
            "completed": true
        }
    },
    {
        "model": "proj.activeimages",
        "pk": 57,
        "fields": {
            "area": 44,
            "contributinguser": 1,
            "name": "image_picker1643017876138348309.jpg",
            "lat": 23.2275889,
            "lon": 81.0218198,
            "timestamp": "2020-07-30T19:09:17.808Z",
            "animals": 0,
            "completed": true
        }
    },
    {
        "model": "proj.activeimages",
        "pk": 58,
        "fields": {
            "area": 44,
            "contributinguser": 1,
            "name": "image_picker3188701349461076291.jpg",
            "lat": 23.2275889,
            "lon": 81.0218199,
            "timestamp": "2020-07-30T19:09:30.706Z",
            "animals": 0,
            "completed": true
        }
    },
    {
        "model": "proj.activeimages",
        "pk": 63,
        "fields": {
            "area": 46,
            "contributinguser": 1,
            "name": "image_picker1643017876138348309.jpg",
            "lat": 15.0,
            "lon": 74.0,
            "timestamp": "2020-07-30T19:33:28.724Z",
            "animals": 1,
            "completed": false
        }
    },
    {
        "model": "proj.activeimages",
        "pk": 64,
        "fields": {
            "area": 46,
            "contributinguser": 1,
            "name": "image_picker1643017876138348309.jpg",
            "lat": 15.0,
            "lon": 74.0,
            "timestamp": "2020-07-30T19:33:44.866Z",
            "animals": 0,
            "completed": false
        }
    },
    {
        "model": "proj.activeimages",
        "pk": 65,
        "fields": {
            "area": 47,
            "contributinguser": null,
            "name": "image_picker2084710479888518441.jpg",
            "lat": 18.0,
            "lon": 80.0,
            "timestamp": "2020-07-30T19:35:00.637Z",
            "animals": 3,
            "completed": false
        }
    },
    {
        "model": "proj.activeimages",
        "pk": 66,
        "fields": {
            "area": 47,
            "contributinguser": 25,
            "name": "image_picker2084710479888518441.jpg",
            "lat": 18.0,
            "lon": 80.0,
            "timestamp": "2020-07-30T19:35:19.563Z",
            "animals": 0,
            "completed": false
        }
    },
    {
        "model": "proj.activeimages",
        "pk": 67,
        "fields": {
            "area": 48,
            "contributinguser": 1,
            "name": "image_picker2084710479888518441.jpg",
            "lat": 19.076,
            "lon": 72.8777,
            "timestamp": "2020-08-01T03:01:48.247Z",
            "animals": 1,
            "completed": false
        }
    },
    {
        "model": "proj.activeimages",
        "pk": 68,
        "fields": {
            "area": 49,
            "contributinguser": 29,
            "name": "image_picker2084710479888518441.jpg",
            "lat": 20.0,
            "lon": 73.0,
            "timestamp": "2020-08-01T03:03:00.579Z",
            "animals": 1,
            "completed": false
        }
    },
    {
        "model": "proj.activeimages",
        "pk": 69,
        "fields": {
            "area": 50,
            "contributinguser": 1,
            "name": "image_picker2084710479888518441.jpg",
            "lat": 18.5204,
            "lon": 73.8567,
            "timestamp": "2020-08-01T03:03:58.154Z",
            "animals": 2,
            "completed": false
        }
    },
    {
        "model": "proj.activeimages",
        "pk": 70,
        "fields": {
            "area": null,
            "contributinguser": 1,
            "name": "image_picker3373209735133466361.jpg",
            "lat": 10.85,
            "lon": 76.3,
            "timestamp": "2020-08-01T05:03:10.953Z",
            "animals": 1,
            "completed": false
        }
    },
    {
        "model": "proj.activeimages",
        "pk": 71,
        "fields": {
            "area": null,
            "contributinguser": 1,
            "name": "image_picker3373209735133466361.jpg",
            "lat": 22.0,
            "lon": 78.0,
            "timestamp": "2020-08-01T05:04:12.293Z",
            "animals": 1,
            "completed": false
        }
    },
    {
        "model": "proj.activeimages",
        "pk": 72,
        "fields": {
            "area": null,
            "contributinguser": 1,
            "name": "c432-445a-b6ba-b579a98776a81669868715459884770.jpg",
            "lat": 27.22759,
            "lon": 78.0218205,
            "timestamp": "2020-08-01T15:58:14.951Z",
            "animals": 0,
            "completed": false
        }
    },
    {
        "model": "proj.queries",
        "pk": 30,
        "fields": {
            "user": 1,
            "message": "Hey I am not able to understand what is this website for?",
            "name": "aryan",
            "email": "nk28agra@gmail.com"
        }
    },
    {
        "model": "proj.queries",
        "pk": 31,
        "fields": {
            "user": 25,
            "message": "Hey your app is great",
            "name": "Rohan",
            "email": "nk25agra@gmail.com"
        }
    },
    {
        "model": "proj.queries",
        "pk": 32,
        "fields": {
            "user": 1,
            "message": "hey your app is great\n",
            "name": "aryan",
            "email": "nk28agra@gmail.com"
        }
    },
    {
        "model": "authtoken.token",
        "pk": "21af025fccf2394549ab7b64062aea2f414c8a95",
        "fields": {
            "user": 25,
            "created": "2020-07-30T19:00:03.211Z"
        }
    },
    {
        "model": "authtoken.token",
        "pk": "5b84342aa3198744a18ffde48eef4f0736731fc1",
        "fields": {
            "user": 1,
            "created": "2020-06-05T18:58:56.571Z"
        }
    },
    {
        "model": "authtoken.token",
        "pk": "e40f3c53ad03ff7d75adaad88b8c907f34669e2e",
        "fields": {
            "user": 29,
            "created": "2020-07-30T19:12:37.034Z"
        }
    },
    {
        "model": "admin.logentry",
        "pk": 1,
        "fields": {
            "action_time": "2020-06-05T18:14:24.269Z",
            "user": 1,
            "content_type": 3,
            "object_id": "1",
            "object_repr": "AppUsers",
            "action_flag": 1,
            "change_message": "[{\"added\": {}}]"
        }
    },
    {
        "model": "admin.logentry",
        "pk": 2,
        "fields": {
            "action_time": "2020-06-05T18:14:32.551Z",
            "user": 1,
            "content_type": 3,
            "object_id": "2",
            "object_repr": "Government",
            "action_flag": 1,
            "change_message": "[{\"added\": {}}]"
        }
    },
    {
        "model": "admin.logentry",
        "pk": 3,
        "fields": {
            "action_time": "2020-06-05T18:14:38.409Z",
            "user": 1,
            "content_type": 3,
            "object_id": "3",
            "object_repr": "NGO",
            "action_flag": 1,
            "change_message": "[{\"added\": {}}]"
        }
    },
    {
        "model": "admin.logentry",
        "pk": 4,
        "fields": {
            "action_time": "2020-06-05T18:22:17.210Z",
            "user": 1,
            "content_type": 4,
            "object_id": "1",
            "object_repr": "aryan",
            "action_flag": 2,
            "change_message": "[{\"changed\": {\"fields\": [\"Groups\"]}}]"
        }
    },
    {
        "model": "admin.logentry",
        "pk": 5,
        "fields": {
            "action_time": "2020-06-05T18:34:27.816Z",
            "user": 1,
            "content_type": 9,
            "object_id": "2",
            "object_repr": "aryan",
            "action_flag": 1,
            "change_message": "[{\"added\": {}}]"
        }
    },
    {
        "model": "admin.logentry",
        "pk": 6,
        "fields": {
            "action_time": "2020-06-05T18:36:41.099Z",
            "user": 1,
            "content_type": 8,
            "object_id": "1",
            "object_repr": "UserContributionModel object (1)",
            "action_flag": 1,
            "change_message": "[{\"added\": {}}]"
        }
    },
    {
        "model": "admin.logentry",
        "pk": 7,
        "fields": {
            "action_time": "2020-06-08T18:45:07.273Z",
            "user": 1,
            "content_type": 4,
            "object_id": "9",
            "object_repr": "anything",
            "action_flag": 3,
            "change_message": ""
        }
    },
    {
        "model": "admin.logentry",
        "pk": 8,
        "fields": {
            "action_time": "2020-06-08T18:45:13.185Z",
            "user": 1,
            "content_type": 4,
            "object_id": "10",
            "object_repr": "anything2",
            "action_flag": 3,
            "change_message": ""
        }
    },
    {
        "model": "admin.logentry",
        "pk": 9,
        "fields": {
            "action_time": "2020-07-12T17:54:06.761Z",
            "user": 1,
            "content_type": 12,
            "object_id": "1",
            "object_repr": "ActiveImages object (1)",
            "action_flag": 1,
            "change_message": "[{\"added\": {}}]"
        }
    },
    {
        "model": "admin.logentry",
        "pk": 10,
        "fields": {
            "action_time": "2020-07-12T23:49:08.586Z",
            "user": 1,
            "content_type": 9,
            "object_id": "2",
            "object_repr": "aryan",
            "action_flag": 2,
            "change_message": "[{\"changed\": {\"fields\": [\"ContributionImages\"]}}]"
        }
    },
    {
        "model": "admin.logentry",
        "pk": 11,
        "fields": {
            "action_time": "2020-07-13T00:57:20.439Z",
            "user": 1,
            "content_type": 9,
            "object_id": "2",
            "object_repr": "aryan",
            "action_flag": 2,
            "change_message": "[]"
        }
    },
    {
        "model": "admin.logentry",
        "pk": 12,
        "fields": {
            "action_time": "2020-07-15T21:55:23.722Z",
            "user": 1,
            "content_type": 4,
            "object_id": "6",
            "object_repr": "aryantest",
            "action_flag": 3,
            "change_message": ""
        }
    },
    {
        "model": "admin.logentry",
        "pk": 13,
        "fields": {
            "action_time": "2020-07-15T21:55:32.859Z",
            "user": 1,
            "content_type": 4,
            "object_id": "3",
            "object_repr": "Aryan124",
            "action_flag": 3,
            "change_message": ""
        }
    },
    {
        "model": "admin.logentry",
        "pk": 14,
        "fields": {
            "action_time": "2020-07-15T21:55:38.439Z",
            "user": 1,
            "content_type": 4,
            "object_id": "2",
            "object_repr": "Aryan29",
            "action_flag": 3,
            "change_message": ""
        }
    },
    {
        "model": "admin.logentry",
        "pk": 15,
        "fields": {
            "action_time": "2020-07-15T21:55:46.479Z",
            "user": 1,
            "content_type": 4,
            "object_id": "8",
            "object_repr": "newuser3",
            "action_flag": 3,
            "change_message": ""
        }
    },
    {
        "model": "admin.logentry",
        "pk": 16,
        "fields": {
            "action_time": "2020-07-15T21:56:19.769Z",
            "user": 1,
            "content_type": 4,
            "object_id": "7",
            "object_repr": "newuser2",
            "action_flag": 3,
            "change_message": ""
        }
    },
    {
        "model": "admin.logentry",
        "pk": 17,
        "fields": {
            "action_time": "2020-07-15T21:56:30.001Z",
            "user": 1,
            "content_type": 4,
            "object_id": "5",
            "object_repr": "brodaApi",
            "action_flag": 3,
            "change_message": ""
        }
    },
    {
        "model": "admin.logentry",
        "pk": 18,
        "fields": {
            "action_time": "2020-07-15T22:15:29.693Z",
            "user": 1,
            "content_type": 4,
            "object_id": "12",
            "object_repr": "testing23",
            "action_flag": 3,
            "change_message": ""
        }
    },
    {
        "model": "admin.logentry",
        "pk": 19,
        "fields": {
            "action_time": "2020-07-15T22:15:34.996Z",
            "user": 1,
            "content_type": 4,
            "object_id": "11",
            "object_repr": "testing",
            "action_flag": 3,
            "change_message": ""
        }
    },
    {
        "model": "admin.logentry",
        "pk": 20,
        "fields": {
            "action_time": "2020-07-15T22:21:19.737Z",
            "user": 1,
            "content_type": 4,
            "object_id": "13",
            "object_repr": "testing23",
            "action_flag": 3,
            "change_message": ""
        }
    },
    {
        "model": "admin.logentry",
        "pk": 21,
        "fields": {
            "action_time": "2020-07-15T22:24:22.244Z",
            "user": 1,
            "content_type": 4,
            "object_id": "4",
            "object_repr": "aryan22",
            "action_flag": 3,
            "change_message": ""
        }
    },
    {
        "model": "admin.logentry",
        "pk": 22,
        "fields": {
            "action_time": "2020-07-15T22:27:14.696Z",
            "user": 1,
            "content_type": 4,
            "object_id": "14",
            "object_repr": "testing23",
            "action_flag": 3,
            "change_message": ""
        }
    },
    {
        "model": "admin.logentry",
        "pk": 23,
        "fields": {
            "action_time": "2020-07-15T22:35:20.900Z",
            "user": 1,
            "content_type": 4,
            "object_id": "15",
            "object_repr": "testing23",
            "action_flag": 3,
            "change_message": ""
        }
    },
    {
        "model": "admin.logentry",
        "pk": 24,
        "fields": {
            "action_time": "2020-07-15T22:39:14.869Z",
            "user": 1,
            "content_type": 9,
            "object_id": "8",
            "object_repr": "testing23",
            "action_flag": 2,
            "change_message": "[{\"changed\": {\"fields\": [\"ContributionImages\"]}}]"
        }
    },
    {
        "model": "admin.logentry",
        "pk": 25,
        "fields": {
            "action_time": "2020-07-15T22:39:49.849Z",
            "user": 1,
            "content_type": 9,
            "object_id": "8",
            "object_repr": "testing23",
            "action_flag": 2,
            "change_message": "[{\"changed\": {\"fields\": [\"ContributionImages\"]}}]"
        }
    },
    {
        "model": "admin.logentry",
        "pk": 26,
        "fields": {
            "action_time": "2020-07-15T22:40:12.976Z",
            "user": 1,
            "content_type": 9,
            "object_id": "8",
            "object_repr": "testing23",
            "action_flag": 2,
            "change_message": "[]"
        }
    },
    {
        "model": "admin.logentry",
        "pk": 27,
        "fields": {
            "action_time": "2020-07-15T22:54:08.012Z",
            "user": 1,
            "content_type": 9,
            "object_id": "8",
            "object_repr": "testing23",
            "action_flag": 2,
            "change_message": "[{\"changed\": {\"fields\": [\"ContributionImages\"]}}]"
        }
    },
    {
        "model": "admin.logentry",
        "pk": 28,
        "fields": {
            "action_time": "2020-07-15T23:00:15.528Z",
            "user": 1,
            "content_type": 8,
            "object_id": "9",
            "object_repr": "UserContributionModel object (9)",
            "action_flag": 2,
            "change_message": "[{\"changed\": {\"fields\": [\"Contribution\"]}}]"
        }
    },
    {
        "model": "admin.logentry",
        "pk": 29,
        "fields": {
            "action_time": "2020-07-17T20:11:55.306Z",
            "user": 1,
            "content_type": 4,
            "object_id": "17",
            "object_repr": "testing123",
            "action_flag": 3,
            "change_message": ""
        }
    },
    {
        "model": "admin.logentry",
        "pk": 30,
        "fields": {
            "action_time": "2020-07-17T22:57:22.157Z",
            "user": 1,
            "content_type": 4,
            "object_id": "1",
            "object_repr": "aryan",
            "action_flag": 2,
            "change_message": "[{\"changed\": {\"fields\": [\"Groups\"]}}]"
        }
    },
    {
        "model": "admin.logentry",
        "pk": 31,
        "fields": {
            "action_time": "2020-07-17T22:58:52.685Z",
            "user": 1,
            "content_type": 4,
            "object_id": "1",
            "object_repr": "aryan",
            "action_flag": 2,
            "change_message": "[{\"changed\": {\"fields\": [\"Groups\"]}}]"
        }
    },
    {
        "model": "admin.logentry",
        "pk": 32,
        "fields": {
            "action_time": "2020-07-17T23:01:23.394Z",
            "user": 1,
            "content_type": 4,
            "object_id": "1",
            "object_repr": "aryan",
            "action_flag": 2,
            "change_message": "[{\"changed\": {\"fields\": [\"Groups\"]}}]"
        }
    },
    {
        "model": "admin.logentry",
        "pk": 33,
        "fields": {
            "action_time": "2020-07-20T12:02:08.556Z",
            "user": 1,
            "content_type": 4,
            "object_id": "19",
            "object_repr": "FakeNGO",
            "action_flag": 1,
            "change_message": "[{\"added\": {}}]"
        }
    },
    {
        "model": "admin.logentry",
        "pk": 34,
        "fields": {
            "action_time": "2020-07-20T12:02:45.461Z",
            "user": 1,
            "content_type": 4,
            "object_id": "19",
            "object_repr": "FakeNGO",
            "action_flag": 2,
            "change_message": "[{\"changed\": {\"fields\": [\"First name\", \"Last name\", \"Email address\", \"Groups\"]}}]"
        }
    },
    {
        "model": "admin.logentry",
        "pk": 35,
        "fields": {
            "action_time": "2020-07-20T12:03:11.440Z",
            "user": 1,
            "content_type": 8,
            "object_id": "11",
            "object_repr": "UserContributionModel object (11)",
            "action_flag": 1,
            "change_message": "[{\"added\": {}}]"
        }
    },
    {
        "model": "admin.logentry",
        "pk": 36,
        "fields": {
            "action_time": "2020-07-20T12:06:55.189Z",
            "user": 1,
            "content_type": 9,
            "object_id": "10",
            "object_repr": "FakeNGO",
            "action_flag": 1,
            "change_message": "[{\"added\": {}}]"
        }
    },
    {
        "model": "admin.logentry",
        "pk": 37,
        "fields": {
            "action_time": "2020-07-23T15:27:16.933Z",
            "user": 1,
            "content_type": 4,
            "object_id": "20",
            "object_repr": "testing111",
            "action_flag": 1,
            "change_message": "[{\"added\": {}}]"
        }
    },
    {
        "model": "admin.logentry",
        "pk": 38,
        "fields": {
            "action_time": "2020-07-23T15:27:57.551Z",
            "user": 1,
            "content_type": 4,
            "object_id": "20",
            "object_repr": "testing111",
            "action_flag": 2,
            "change_message": "[{\"changed\": {\"fields\": [\"First name\", \"Last name\", \"Email address\", \"Groups\"]}}]"
        }
    },
    {
        "model": "admin.logentry",
        "pk": 39,
        "fields": {
            "action_time": "2020-07-23T15:28:24.531Z",
            "user": 1,
            "content_type": 9,
            "object_id": "11",
            "object_repr": "testing111",
            "action_flag": 1,
            "change_message": "[{\"added\": {}}]"
        }
    },
    {
        "model": "admin.logentry",
        "pk": 40,
        "fields": {
            "action_time": "2020-07-23T15:28:42.582Z",
            "user": 1,
            "content_type": 8,
            "object_id": "12",
            "object_repr": "UserContributionModel object (12)",
            "action_flag": 1,
            "change_message": "[{\"added\": {}}]"
        }
    },
    {
        "model": "admin.logentry",
        "pk": 41,
        "fields": {
            "action_time": "2020-07-24T20:26:36.953Z",
            "user": 1,
            "content_type": 12,
            "object_id": "24",
            "object_repr": "ActiveImages object (24)",
            "action_flag": 1,
            "change_message": "[{\"added\": {}}]"
        }
    },
    {
        "model": "admin.logentry",
        "pk": 42,
        "fields": {
            "action_time": "2020-07-24T20:26:58.440Z",
            "user": 1,
            "content_type": 12,
            "object_id": "25",
            "object_repr": "ActiveImages object (25)",
            "action_flag": 1,
            "change_message": "[{\"added\": {}}]"
        }
    },
    {
        "model": "admin.logentry",
        "pk": 43,
        "fields": {
            "action_time": "2020-07-24T20:33:14.098Z",
            "user": 1,
            "content_type": 12,
            "object_id": "26",
            "object_repr": "ActiveImages object (26)",
            "action_flag": 1,
            "change_message": "[{\"added\": {}}]"
        }
    },
    {
        "model": "admin.logentry",
        "pk": 44,
        "fields": {
            "action_time": "2020-07-24T22:32:44.182Z",
            "user": 1,
            "content_type": 12,
            "object_id": "22",
            "object_repr": "ActiveImages object (22)",
            "action_flag": 2,
            "change_message": "[{\"changed\": {\"fields\": [\"Completed\", \"Reviewed\", \"NgoName\"]}}]"
        }
    },
    {
        "model": "admin.logentry",
        "pk": 45,
        "fields": {
            "action_time": "2020-07-24T22:37:38.804Z",
            "user": 1,
            "content_type": 12,
            "object_id": "9",
            "object_repr": "ActiveImages object (9)",
            "action_flag": 2,
            "change_message": "[{\"changed\": {\"fields\": [\"Lon\", \"Completed\", \"Reviewed\", \"NgoName\"]}}]"
        }
    },
    {
        "model": "admin.logentry",
        "pk": 46,
        "fields": {
            "action_time": "2020-07-25T12:01:48.957Z",
            "user": 1,
            "content_type": 12,
            "object_id": "20",
            "object_repr": "ActiveImages object (20)",
            "action_flag": 2,
            "change_message": "[{\"changed\": {\"fields\": [\"Completed\"]}}]"
        }
    },
    {
        "model": "admin.logentry",
        "pk": 47,
        "fields": {
            "action_time": "2020-07-25T12:01:58.936Z",
            "user": 1,
            "content_type": 12,
            "object_id": "12",
            "object_repr": "ActiveImages object (12)",
            "action_flag": 2,
            "change_message": "[{\"changed\": {\"fields\": [\"Completed\"]}}]"
        }
    },
    {
        "model": "admin.logentry",
        "pk": 48,
        "fields": {
            "action_time": "2020-07-25T12:02:04.776Z",
            "user": 1,
            "content_type": 12,
            "object_id": "9",
            "object_repr": "ActiveImages object (9)",
            "action_flag": 2,
            "change_message": "[]"
        }
    },
    {
        "model": "admin.logentry",
        "pk": 49,
        "fields": {
            "action_time": "2020-07-25T12:02:11.484Z",
            "user": 1,
            "content_type": 12,
            "object_id": "5",
            "object_repr": "ActiveImages object (5)",
            "action_flag": 2,
            "change_message": "[{\"changed\": {\"fields\": [\"Completed\"]}}]"
        }
    },
    {
        "model": "admin.logentry",
        "pk": 50,
        "fields": {
            "action_time": "2020-07-25T12:02:20.909Z",
            "user": 1,
            "content_type": 12,
            "object_id": "2",
            "object_repr": "ActiveImages object (2)",
            "action_flag": 2,
            "change_message": "[{\"changed\": {\"fields\": [\"Completed\"]}}]"
        }
    },
    {
        "model": "admin.logentry",
        "pk": 51,
        "fields": {
            "action_time": "2020-07-25T12:02:45.913Z",
            "user": 1,
            "content_type": 13,
            "object_id": "22",
            "object_repr": "ActiveArea object (22)",
            "action_flag": 2,
            "change_message": "[{\"changed\": {\"fields\": [\"Completed\"]}}]"
        }
    },
    {
        "model": "admin.logentry",
        "pk": 52,
        "fields": {
            "action_time": "2020-07-25T12:03:51.880Z",
            "user": 1,
            "content_type": 13,
            "object_id": "22",
            "object_repr": "ActiveArea object (22)",
            "action_flag": 2,
            "change_message": "[{\"changed\": {\"fields\": [\"Completed\"]}}]"
        }
    },
    {
        "model": "admin.logentry",
        "pk": 53,
        "fields": {
            "action_time": "2020-07-25T12:36:49.004Z",
            "user": 1,
            "content_type": 13,
            "object_id": "22",
            "object_repr": "ActiveArea object (22)",
            "action_flag": 2,
            "change_message": "[{\"changed\": {\"fields\": [\"Completed\"]}}]"
        }
    },
    {
        "model": "admin.logentry",
        "pk": 54,
        "fields": {
            "action_time": "2020-07-25T13:44:13.904Z",
            "user": 1,
            "content_type": 13,
            "object_id": "25",
            "object_repr": "ActiveArea object (25)",
            "action_flag": 3,
            "change_message": ""
        }
    },
    {
        "model": "admin.logentry",
        "pk": 55,
        "fields": {
            "action_time": "2020-07-25T13:44:18.868Z",
            "user": 1,
            "content_type": 13,
            "object_id": "24",
            "object_repr": "ActiveArea object (24)",
            "action_flag": 3,
            "change_message": ""
        }
    },
    {
        "model": "admin.logentry",
        "pk": 56,
        "fields": {
            "action_time": "2020-07-25T13:45:17.775Z",
            "user": 1,
            "content_type": 13,
            "object_id": "23",
            "object_repr": "ActiveArea object (23)",
            "action_flag": 3,
            "change_message": ""
        }
    },
    {
        "model": "admin.logentry",
        "pk": 57,
        "fields": {
            "action_time": "2020-07-25T13:45:22.275Z",
            "user": 1,
            "content_type": 13,
            "object_id": "22",
            "object_repr": "ActiveArea object (22)",
            "action_flag": 3,
            "change_message": ""
        }
    },
    {
        "model": "admin.logentry",
        "pk": 58,
        "fields": {
            "action_time": "2020-07-25T13:46:35.329Z",
            "user": 1,
            "content_type": 12,
            "object_id": "23",
            "object_repr": "ActiveImages object (23)",
            "action_flag": 1,
            "change_message": "[{\"added\": {}}]"
        }
    },
    {
        "model": "admin.logentry",
        "pk": 59,
        "fields": {
            "action_time": "2020-07-25T13:46:47.510Z",
            "user": 1,
            "content_type": 12,
            "object_id": "24",
            "object_repr": "ActiveImages object (24)",
            "action_flag": 1,
            "change_message": "[{\"added\": {}}]"
        }
    },
    {
        "model": "admin.logentry",
        "pk": 60,
        "fields": {
            "action_time": "2020-07-25T14:14:52.346Z",
            "user": 1,
            "content_type": 12,
            "object_id": "25",
            "object_repr": "ActiveImages object (25)",
            "action_flag": 1,
            "change_message": "[{\"added\": {}}]"
        }
    },
    {
        "model": "admin.logentry",
        "pk": 61,
        "fields": {
            "action_time": "2020-07-25T14:15:09.174Z",
            "user": 1,
            "content_type": 12,
            "object_id": "26",
            "object_repr": "ActiveImages object (26)",
            "action_flag": 1,
            "change_message": "[{\"added\": {}}]"
        }
    },
    {
        "model": "admin.logentry",
        "pk": 62,
        "fields": {
            "action_time": "2020-07-25T14:15:21.052Z",
            "user": 1,
            "content_type": 12,
            "object_id": "26",
            "object_repr": "ActiveImages object (26)",
            "action_flag": 2,
            "change_message": "[{\"changed\": {\"fields\": [\"Lon\"]}}]"
        }
    },
    {
        "model": "admin.logentry",
        "pk": 63,
        "fields": {
            "action_time": "2020-07-25T14:39:25.321Z",
            "user": 1,
            "content_type": 12,
            "object_id": "27",
            "object_repr": "ActiveImages object (27)",
            "action_flag": 1,
            "change_message": "[{\"added\": {}}]"
        }
    },
    {
        "model": "admin.logentry",
        "pk": 64,
        "fields": {
            "action_time": "2020-07-25T14:40:25.195Z",
            "user": 1,
            "content_type": 12,
            "object_id": "27",
            "object_repr": "ActiveImages object (27)",
            "action_flag": 2,
            "change_message": "[{\"changed\": {\"fields\": [\"Lon\"]}}]"
        }
    },
    {
        "model": "admin.logentry",
        "pk": 65,
        "fields": {
            "action_time": "2020-07-25T15:35:49.639Z",
            "user": 1,
            "content_type": 12,
            "object_id": "9",
            "object_repr": "ActiveImages object (9)",
            "action_flag": 2,
            "change_message": "[{\"changed\": {\"fields\": [\"Completed\"]}}]"
        }
    },
    {
        "model": "admin.logentry",
        "pk": 66,
        "fields": {
            "action_time": "2020-07-25T16:25:24.158Z",
            "user": 1,
            "content_type": 12,
            "object_id": "27",
            "object_repr": "ActiveImages object (27)",
            "action_flag": 2,
            "change_message": "[{\"changed\": {\"fields\": [\"Name\"]}}]"
        }
    },
    {
        "model": "admin.logentry",
        "pk": 67,
        "fields": {
            "action_time": "2020-07-25T16:25:29.888Z",
            "user": 1,
            "content_type": 12,
            "object_id": "26",
            "object_repr": "ActiveImages object (26)",
            "action_flag": 2,
            "change_message": "[{\"changed\": {\"fields\": [\"Name\"]}}]"
        }
    },
    {
        "model": "admin.logentry",
        "pk": 68,
        "fields": {
            "action_time": "2020-07-25T16:25:34.905Z",
            "user": 1,
            "content_type": 12,
            "object_id": "25",
            "object_repr": "ActiveImages object (25)",
            "action_flag": 2,
            "change_message": "[{\"changed\": {\"fields\": [\"Name\"]}}]"
        }
    },
    {
        "model": "admin.logentry",
        "pk": 69,
        "fields": {
            "action_time": "2020-07-25T19:36:23.841Z",
            "user": 1,
            "content_type": 12,
            "object_id": "28",
            "object_repr": "ActiveImages object (28)",
            "action_flag": 1,
            "change_message": "[{\"added\": {}}]"
        }
    },
    {
        "model": "admin.logentry",
        "pk": 70,
        "fields": {
            "action_time": "2020-07-25T19:36:40.676Z",
            "user": 1,
            "content_type": 12,
            "object_id": "29",
            "object_repr": "ActiveImages object (29)",
            "action_flag": 1,
            "change_message": "[{\"added\": {}}]"
        }
    },
    {
        "model": "admin.logentry",
        "pk": 71,
        "fields": {
            "action_time": "2020-07-25T19:38:42.198Z",
            "user": 1,
            "content_type": 12,
            "object_id": "30",
            "object_repr": "ActiveImages object (30)",
            "action_flag": 1,
            "change_message": "[{\"added\": {}}]"
        }
    },
    {
        "model": "admin.logentry",
        "pk": 72,
        "fields": {
            "action_time": "2020-07-25T19:46:58.244Z",
            "user": 1,
            "content_type": 12,
            "object_id": "31",
            "object_repr": "ActiveImages object (31)",
            "action_flag": 1,
            "change_message": "[{\"added\": {}}]"
        }
    },
    {
        "model": "admin.logentry",
        "pk": 73,
        "fields": {
            "action_time": "2020-07-25T19:47:30.512Z",
            "user": 1,
            "content_type": 12,
            "object_id": "32",
            "object_repr": "ActiveImages object (32)",
            "action_flag": 1,
            "change_message": "[{\"added\": {}}]"
        }
    },
    {
        "model": "admin.logentry",
        "pk": 74,
        "fields": {
            "action_time": "2020-07-25T19:47:44.609Z",
            "user": 1,
            "content_type": 12,
            "object_id": "33",
            "object_repr": "ActiveImages object (33)",
            "action_flag": 1,
            "change_message": "[{\"added\": {}}]"
        }
    },
    {
        "model": "admin.logentry",
        "pk": 75,
        "fields": {
            "action_time": "2020-07-25T19:47:56.699Z",
            "user": 1,
            "content_type": 12,
            "object_id": "34",
            "object_repr": "ActiveImages object (34)",
            "action_flag": 1,
            "change_message": "[{\"added\": {}}]"
        }
    },
    {
        "model": "admin.logentry",
        "pk": 76,
        "fields": {
            "action_time": "2020-07-25T19:48:14.114Z",
            "user": 1,
            "content_type": 12,
            "object_id": "35",
            "object_repr": "ActiveImages object (35)",
            "action_flag": 1,
            "change_message": "[{\"added\": {}}]"
        }
    },
    {
        "model": "admin.logentry",
        "pk": 77,
        "fields": {
            "action_time": "2020-07-25T19:48:26.110Z",
            "user": 1,
            "content_type": 12,
            "object_id": "36",
            "object_repr": "ActiveImages object (36)",
            "action_flag": 1,
            "change_message": "[{\"added\": {}}]"
        }
    },
    {
        "model": "admin.logentry",
        "pk": 78,
        "fields": {
            "action_time": "2020-07-25T20:07:21.298Z",
            "user": 1,
            "content_type": 12,
            "object_id": "37",
            "object_repr": "ActiveImages object (37)",
            "action_flag": 1,
            "change_message": "[{\"added\": {}}]"
        }
    },
    {
        "model": "admin.logentry",
        "pk": 79,
        "fields": {
            "action_time": "2020-07-25T20:07:38.437Z",
            "user": 1,
            "content_type": 12,
            "object_id": "38",
            "object_repr": "ActiveImages object (38)",
            "action_flag": 1,
            "change_message": "[{\"added\": {}}]"
        }
    },
    {
        "model": "admin.logentry",
        "pk": 80,
        "fields": {
            "action_time": "2020-07-25T20:07:56.270Z",
            "user": 1,
            "content_type": 12,
            "object_id": "39",
            "object_repr": "ActiveImages object (39)",
            "action_flag": 1,
            "change_message": "[{\"added\": {}}]"
        }
    },
    {
        "model": "admin.logentry",
        "pk": 81,
        "fields": {
            "action_time": "2020-07-25T23:11:08.054Z",
            "user": 1,
            "content_type": 4,
            "object_id": "1",
            "object_repr": "aryan",
            "action_flag": 2,
            "change_message": "[{\"changed\": {\"fields\": [\"Groups\"]}}]"
        }
    },
    {
        "model": "admin.logentry",
        "pk": 82,
        "fields": {
            "action_time": "2020-07-27T00:00:59.392Z",
            "user": 1,
            "content_type": 12,
            "object_id": "32",
            "object_repr": "ActiveImages object (32)",
            "action_flag": 2,
            "change_message": "[{\"changed\": {\"fields\": [\"Contributinguser\"]}}]"
        }
    },
    {
        "model": "admin.logentry",
        "pk": 83,
        "fields": {
            "action_time": "2020-07-27T00:01:06.426Z",
            "user": 1,
            "content_type": 12,
            "object_id": "9",
            "object_repr": "ActiveImages object (9)",
            "action_flag": 2,
            "change_message": "[{\"changed\": {\"fields\": [\"Contributinguser\"]}}]"
        }
    },
    {
        "model": "admin.logentry",
        "pk": 84,
        "fields": {
            "action_time": "2020-07-27T12:29:23.600Z",
            "user": 1,
            "content_type": 13,
            "object_id": "34",
            "object_repr": "ActiveArea object (34)",
            "action_flag": 2,
            "change_message": "[{\"changed\": {\"fields\": [\"Ngo\"]}}]"
        }
    },
    {
        "model": "admin.logentry",
        "pk": 85,
        "fields": {
            "action_time": "2020-07-27T12:29:28.852Z",
            "user": 1,
            "content_type": 13,
            "object_id": "30",
            "object_repr": "ActiveArea object (30)",
            "action_flag": 2,
            "change_message": "[{\"changed\": {\"fields\": [\"Ngo\"]}}]"
        }
    },
    {
        "model": "admin.logentry",
        "pk": 86,
        "fields": {
            "action_time": "2020-07-29T11:12:36.184Z",
            "user": 1,
            "content_type": 4,
            "object_id": "21",
            "object_repr": "Aryan182",
            "action_flag": 3,
            "change_message": ""
        }
    },
    {
        "model": "admin.logentry",
        "pk": 87,
        "fields": {
            "action_time": "2020-07-29T11:23:02.456Z",
            "user": 1,
            "content_type": 4,
            "object_id": "22",
            "object_repr": "Aryan19",
            "action_flag": 3,
            "change_message": ""
        }
    },
    {
        "model": "admin.logentry",
        "pk": 88,
        "fields": {
            "action_time": "2020-07-30T13:04:53.622Z",
            "user": 1,
            "content_type": 14,
            "object_id": "17",
            "object_repr": "contribution field history for None",
            "action_flag": 3,
            "change_message": ""
        }
    },
    {
        "model": "admin.logentry",
        "pk": 89,
        "fields": {
            "action_time": "2020-07-30T13:04:57.537Z",
            "user": 1,
            "content_type": 14,
            "object_id": "16",
            "object_repr": "contribution field history for None",
            "action_flag": 3,
            "change_message": ""
        }
    },
    {
        "model": "admin.logentry",
        "pk": 90,
        "fields": {
            "action_time": "2020-07-30T18:09:34.932Z",
            "user": 1,
            "content_type": 4,
            "object_id": "23",
            "object_repr": "Aryan19",
            "action_flag": 3,
            "change_message": ""
        }
    },
    {
        "model": "admin.logentry",
        "pk": 91,
        "fields": {
            "action_time": "2020-07-30T18:09:39.902Z",
            "user": 1,
            "content_type": 4,
            "object_id": "20",
            "object_repr": "testing111",
            "action_flag": 3,
            "change_message": ""
        }
    },
    {
        "model": "admin.logentry",
        "pk": 92,
        "fields": {
            "action_time": "2020-07-30T18:09:44.815Z",
            "user": 1,
            "content_type": 4,
            "object_id": "18",
            "object_repr": "testing123",
            "action_flag": 3,
            "change_message": ""
        }
    },
    {
        "model": "admin.logentry",
        "pk": 93,
        "fields": {
            "action_time": "2020-07-30T18:09:50.178Z",
            "user": 1,
            "content_type": 4,
            "object_id": "16",
            "object_repr": "testing23",
            "action_flag": 3,
            "change_message": ""
        }
    },
    {
        "model": "admin.logentry",
        "pk": 94,
        "fields": {
            "action_time": "2020-07-30T18:10:06.473Z",
            "user": 1,
            "content_type": 14,
            "object_id": "1",
            "object_repr": "contribution field history for UserContributionModel object (1)",
            "action_flag": 3,
            "change_message": ""
        }
    },
    {
        "model": "admin.logentry",
        "pk": 95,
        "fields": {
            "action_time": "2020-07-30T18:18:01.203Z",
            "user": 1,
            "content_type": 4,
            "object_id": "1",
            "object_repr": "aryan",
            "action_flag": 2,
            "change_message": "[{\"changed\": {\"fields\": [\"First name\", \"Last name\"]}}]"
        }
    },
    {
        "model": "admin.logentry",
        "pk": 96,
        "fields": {
            "action_time": "2020-07-30T18:35:23.825Z",
            "user": 1,
            "content_type": 4,
            "object_id": "28",
            "object_repr": "CFSCC",
            "action_flag": 1,
            "change_message": "[{\"added\": {}}]"
        }
    },
    {
        "model": "admin.logentry",
        "pk": 97,
        "fields": {
            "action_time": "2020-07-30T18:35:47.919Z",
            "user": 1,
            "content_type": 4,
            "object_id": "28",
            "object_repr": "CFSCC",
            "action_flag": 2,
            "change_message": "[{\"changed\": {\"fields\": [\"First name\", \"Last name\", \"Email address\", \"Groups\"]}}]"
        }
    },
    {
        "model": "admin.logentry",
        "pk": 98,
        "fields": {
            "action_time": "2020-07-30T18:36:24.807Z",
            "user": 1,
            "content_type": 9,
            "object_id": "19",
            "object_repr": "CFSCC",
            "action_flag": 1,
            "change_message": "[{\"added\": {}}]"
        }
    },
    {
        "model": "admin.logentry",
        "pk": 99,
        "fields": {
            "action_time": "2020-07-30T18:36:41.812Z",
            "user": 1,
            "content_type": 8,
            "object_id": "20",
            "object_repr": "UserContributionModel object (20)",
            "action_flag": 1,
            "change_message": "[{\"added\": {}}]"
        }
    },
    {
        "model": "admin.logentry",
        "pk": 100,
        "fields": {
            "action_time": "2020-07-30T18:39:03.867Z",
            "user": 1,
            "content_type": 4,
            "object_id": "29",
            "object_repr": "Rashi",
            "action_flag": 1,
            "change_message": "[{\"added\": {}}]"
        }
    },
    {
        "model": "admin.logentry",
        "pk": 101,
        "fields": {
            "action_time": "2020-07-30T18:39:25.036Z",
            "user": 1,
            "content_type": 4,
            "object_id": "29",
            "object_repr": "Rashi",
            "action_flag": 2,
            "change_message": "[{\"changed\": {\"fields\": [\"First name\", \"Last name\", \"Email address\", \"Groups\"]}}]"
        }
    },
    {
        "model": "admin.logentry",
        "pk": 102,
        "fields": {
            "action_time": "2020-07-30T18:39:39.813Z",
            "user": 1,
            "content_type": 8,
            "object_id": "21",
            "object_repr": "UserContributionModel object (21)",
            "action_flag": 1,
            "change_message": "[{\"added\": {}}]"
        }
    },
    {
        "model": "admin.logentry",
        "pk": 103,
        "fields": {
            "action_time": "2020-07-30T18:40:40.489Z",
            "user": 1,
            "content_type": 9,
            "object_id": "20",
            "object_repr": "Rashi",
            "action_flag": 1,
            "change_message": "[{\"added\": {}}]"
        }
    },
    {
        "model": "admin.logentry",
        "pk": 104,
        "fields": {
            "action_time": "2020-07-30T18:41:57.467Z",
            "user": 1,
            "content_type": 4,
            "object_id": "30",
            "object_repr": "NGOShuddhiGlobal",
            "action_flag": 1,
            "change_message": "[{\"added\": {}}]"
        }
    },
    {
        "model": "admin.logentry",
        "pk": 105,
        "fields": {
            "action_time": "2020-07-30T18:42:39.656Z",
            "user": 1,
            "content_type": 4,
            "object_id": "30",
            "object_repr": "NGOShuddhiGlobal",
            "action_flag": 2,
            "change_message": "[{\"changed\": {\"fields\": [\"First name\", \"Last name\", \"Email address\", \"Groups\"]}}]"
        }
    },
    {
        "model": "admin.logentry",
        "pk": 106,
        "fields": {
            "action_time": "2020-07-30T18:43:03.687Z",
            "user": 1,
            "content_type": 8,
            "object_id": "22",
            "object_repr": "UserContributionModel object (22)",
            "action_flag": 1,
            "change_message": "[{\"added\": {}}]"
        }
    },
    {
        "model": "admin.logentry",
        "pk": 107,
        "fields": {
            "action_time": "2020-07-30T18:43:37.577Z",
            "user": 1,
            "content_type": 9,
            "object_id": "21",
            "object_repr": "NGOShuddhiGlobal",
            "action_flag": 1,
            "change_message": "[{\"added\": {}}]"
        }
    },
    {
        "model": "admin.logentry",
        "pk": 108,
        "fields": {
            "action_time": "2020-07-30T19:00:46.240Z",
            "user": 1,
            "content_type": 8,
            "object_id": "1",
            "object_repr": "UserContributionModel object (1)",
            "action_flag": 2,
            "change_message": "[{\"changed\": {\"fields\": [\"Contribution\"]}}]"
        }
    },
    {
        "model": "admin.logentry",
        "pk": 109,
        "fields": {
            "action_time": "2020-07-30T19:15:26.578Z",
            "user": 1,
            "content_type": 12,
            "object_id": "55",
            "object_repr": "ActiveImages object (55)",
            "action_flag": 2,
            "change_message": "[{\"changed\": {\"fields\": [\"Lat\", \"Lon\"]}}]"
        }
    },
    {
        "model": "admin.logentry",
        "pk": 110,
        "fields": {
            "action_time": "2020-07-30T19:15:45.992Z",
            "user": 1,
            "content_type": 12,
            "object_id": "54",
            "object_repr": "ActiveImages object (54)",
            "action_flag": 2,
            "change_message": "[{\"changed\": {\"fields\": [\"Lat\", \"Lon\"]}}]"
        }
    },
    {
        "model": "admin.logentry",
        "pk": 111,
        "fields": {
            "action_time": "2020-07-30T19:15:56.108Z",
            "user": 1,
            "content_type": 12,
            "object_id": "56",
            "object_repr": "ActiveImages object (56)",
            "action_flag": 2,
            "change_message": "[{\"changed\": {\"fields\": [\"Lat\", \"Lon\"]}}]"
        }
    },
    {
        "model": "admin.logentry",
        "pk": 112,
        "fields": {
            "action_time": "2020-07-30T19:16:04.918Z",
            "user": 1,
            "content_type": 12,
            "object_id": "57",
            "object_repr": "ActiveImages object (57)",
            "action_flag": 2,
            "change_message": "[{\"changed\": {\"fields\": [\"Lat\", \"Lon\"]}}]"
        }
    },
    {
        "model": "admin.logentry",
        "pk": 113,
        "fields": {
            "action_time": "2020-07-30T19:16:17.149Z",
            "user": 1,
            "content_type": 12,
            "object_id": "58",
            "object_repr": "ActiveImages object (58)",
            "action_flag": 2,
            "change_message": "[{\"changed\": {\"fields\": [\"Lat\", \"Lon\"]}}]"
        }
    },
    {
        "model": "admin.logentry",
        "pk": 114,
        "fields": {
            "action_time": "2020-07-30T19:16:45.553Z",
            "user": 1,
            "content_type": 12,
            "object_id": "59",
            "object_repr": "ActiveImages object (59)",
            "action_flag": 2,
            "change_message": "[{\"changed\": {\"fields\": [\"Lat\", \"Lon\"]}}]"
        }
    },
    {
        "model": "admin.logentry",
        "pk": 115,
        "fields": {
            "action_time": "2020-07-30T19:16:55.000Z",
            "user": 1,
            "content_type": 12,
            "object_id": "60",
            "object_repr": "ActiveImages object (60)",
            "action_flag": 2,
            "change_message": "[{\"changed\": {\"fields\": [\"Lat\", \"Lon\"]}}]"
        }
    },
    {
        "model": "admin.logentry",
        "pk": 116,
        "fields": {
            "action_time": "2020-07-30T19:17:07.490Z",
            "user": 1,
            "content_type": 12,
            "object_id": "61",
            "object_repr": "ActiveImages object (61)",
            "action_flag": 2,
            "change_message": "[{\"changed\": {\"fields\": [\"Lat\", \"Lon\"]}}]"
        }
    },
    {
        "model": "admin.logentry",
        "pk": 117,
        "fields": {
            "action_time": "2020-07-30T19:17:17.808Z",
            "user": 1,
            "content_type": 12,
            "object_id": "62",
            "object_repr": "ActiveImages object (62)",
            "action_flag": 2,
            "change_message": "[{\"changed\": {\"fields\": [\"Lat\", \"Lon\"]}}]"
        }
    },
    {
        "model": "admin.logentry",
        "pk": 118,
        "fields": {
            "action_time": "2020-07-30T19:27:31.274Z",
            "user": 1,
            "content_type": 4,
            "object_id": "31",
            "object_repr": "UPGovernment",
            "action_flag": 1,
            "change_message": "[{\"added\": {}}]"
        }
    },
    {
        "model": "admin.logentry",
        "pk": 119,
        "fields": {
            "action_time": "2020-07-30T19:28:01.566Z",
            "user": 1,
            "content_type": 4,
            "object_id": "31",
            "object_repr": "UPGovernment",
            "action_flag": 2,
            "change_message": "[{\"changed\": {\"fields\": [\"First name\", \"Last name\", \"Email address\", \"Groups\"]}}]"
        }
    },
    {
        "model": "admin.logentry",
        "pk": 120,
        "fields": {
            "action_time": "2020-07-30T19:29:03.273Z",
            "user": 1,
            "content_type": 4,
            "object_id": "32",
            "object_repr": "Governement12",
            "action_flag": 1,
            "change_message": "[{\"added\": {}}]"
        }
    },
    {
        "model": "admin.logentry",
        "pk": 121,
        "fields": {
            "action_time": "2020-07-30T19:29:34.982Z",
            "user": 1,
            "content_type": 4,
            "object_id": "32",
            "object_repr": "Governement12",
            "action_flag": 2,
            "change_message": "[{\"changed\": {\"fields\": [\"First name\", \"Last name\", \"Email address\", \"Groups\"]}}]"
        }
    },
    {
        "model": "admin.logentry",
        "pk": 122,
        "fields": {
            "action_time": "2020-07-30T19:29:51.470Z",
            "user": 1,
            "content_type": 8,
            "object_id": "23",
            "object_repr": "UserContributionModel object (23)",
            "action_flag": 1,
            "change_message": "[{\"added\": {}}]"
        }
    },
    {
        "model": "admin.logentry",
        "pk": 123,
        "fields": {
            "action_time": "2020-07-30T19:29:58.080Z",
            "user": 1,
            "content_type": 8,
            "object_id": "24",
            "object_repr": "UserContributionModel object (24)",
            "action_flag": 1,
            "change_message": "[{\"added\": {}}]"
        }
    },
    {
        "model": "admin.logentry",
        "pk": 124,
        "fields": {
            "action_time": "2020-07-30T19:30:21.660Z",
            "user": 1,
            "content_type": 9,
            "object_id": "22",
            "object_repr": "UPGovernment",
            "action_flag": 1,
            "change_message": "[{\"added\": {}}]"
        }
    },
    {
        "model": "admin.logentry",
        "pk": 125,
        "fields": {
            "action_time": "2020-07-30T19:30:37.275Z",
            "user": 1,
            "content_type": 9,
            "object_id": "23",
            "object_repr": "Governement12",
            "action_flag": 1,
            "change_message": "[{\"added\": {}}]"
        }
    },
    {
        "model": "admin.logentry",
        "pk": 126,
        "fields": {
            "action_time": "2020-07-30T19:33:28.725Z",
            "user": 1,
            "content_type": 12,
            "object_id": "63",
            "object_repr": "ActiveImages object (63)",
            "action_flag": 1,
            "change_message": "[{\"added\": {}}]"
        }
    },
    {
        "model": "admin.logentry",
        "pk": 127,
        "fields": {
            "action_time": "2020-07-30T19:33:44.867Z",
            "user": 1,
            "content_type": 12,
            "object_id": "64",
            "object_repr": "ActiveImages object (64)",
            "action_flag": 1,
            "change_message": "[{\"added\": {}}]"
        }
    },
    {
        "model": "admin.logentry",
        "pk": 128,
        "fields": {
            "action_time": "2020-07-30T19:35:00.639Z",
            "user": 1,
            "content_type": 12,
            "object_id": "65",
            "object_repr": "ActiveImages object (65)",
            "action_flag": 1,
            "change_message": "[{\"added\": {}}]"
        }
    },
    {
        "model": "admin.logentry",
        "pk": 129,
        "fields": {
            "action_time": "2020-07-30T19:35:19.564Z",
            "user": 1,
            "content_type": 12,
            "object_id": "66",
            "object_repr": "ActiveImages object (66)",
            "action_flag": 1,
            "change_message": "[{\"added\": {}}]"
        }
    },
    {
        "model": "admin.logentry",
        "pk": 130,
        "fields": {
            "action_time": "2020-07-30T19:49:41.758Z",
            "user": 1,
            "content_type": 4,
            "object_id": "33",
            "object_repr": "temp1",
            "action_flag": 1,
            "change_message": "[{\"added\": {}}]"
        }
    },
    {
        "model": "admin.logentry",
        "pk": 131,
        "fields": {
            "action_time": "2020-07-30T19:49:49.257Z",
            "user": 1,
            "content_type": 4,
            "object_id": "33",
            "object_repr": "temp1",
            "action_flag": 2,
            "change_message": "[{\"changed\": {\"fields\": [\"Groups\"]}}]"
        }
    },
    {
        "model": "admin.logentry",
        "pk": 132,
        "fields": {
            "action_time": "2020-07-30T19:50:18.561Z",
            "user": 1,
            "content_type": 4,
            "object_id": "34",
            "object_repr": "temp2",
            "action_flag": 1,
            "change_message": "[{\"added\": {}}]"
        }
    },
    {
        "model": "admin.logentry",
        "pk": 133,
        "fields": {
            "action_time": "2020-07-30T19:50:26.679Z",
            "user": 1,
            "content_type": 4,
            "object_id": "34",
            "object_repr": "temp2",
            "action_flag": 2,
            "change_message": "[{\"changed\": {\"fields\": [\"Groups\"]}}]"
        }
    },
    {
        "model": "admin.logentry",
        "pk": 134,
        "fields": {
            "action_time": "2020-07-30T19:50:41.898Z",
            "user": 1,
            "content_type": 4,
            "object_id": "35",
            "object_repr": "temp3",
            "action_flag": 1,
            "change_message": "[{\"added\": {}}]"
        }
    },
    {
        "model": "admin.logentry",
        "pk": 135,
        "fields": {
            "action_time": "2020-07-30T19:50:49.288Z",
            "user": 1,
            "content_type": 4,
            "object_id": "35",
            "object_repr": "temp3",
            "action_flag": 2,
            "change_message": "[{\"changed\": {\"fields\": [\"Groups\"]}}]"
        }
    },
    {
        "model": "admin.logentry",
        "pk": 136,
        "fields": {
            "action_time": "2020-07-30T19:54:26.438Z",
            "user": 1,
            "content_type": 9,
            "object_id": "24",
            "object_repr": "temp1",
            "action_flag": 1,
            "change_message": "[{\"added\": {}}]"
        }
    },
    {
        "model": "admin.logentry",
        "pk": 137,
        "fields": {
            "action_time": "2020-07-30T19:54:39.471Z",
            "user": 1,
            "content_type": 9,
            "object_id": "25",
            "object_repr": "temp2",
            "action_flag": 1,
            "change_message": "[{\"added\": {}}]"
        }
    },
    {
        "model": "admin.logentry",
        "pk": 138,
        "fields": {
            "action_time": "2020-07-30T19:54:53.553Z",
            "user": 1,
            "content_type": 9,
            "object_id": "26",
            "object_repr": "temp3",
            "action_flag": 1,
            "change_message": "[{\"added\": {}}]"
        }
    },
    {
        "model": "admin.logentry",
        "pk": 139,
        "fields": {
            "action_time": "2020-07-30T19:55:03.629Z",
            "user": 1,
            "content_type": 8,
            "object_id": "25",
            "object_repr": "UserContributionModel object (25)",
            "action_flag": 1,
            "change_message": "[{\"added\": {}}]"
        }
    },
    {
        "model": "admin.logentry",
        "pk": 140,
        "fields": {
            "action_time": "2020-07-30T19:55:08.723Z",
            "user": 1,
            "content_type": 8,
            "object_id": "26",
            "object_repr": "UserContributionModel object (26)",
            "action_flag": 1,
            "change_message": "[{\"added\": {}}]"
        }
    },
    {
        "model": "admin.logentry",
        "pk": 141,
        "fields": {
            "action_time": "2020-07-30T19:55:13.908Z",
            "user": 1,
            "content_type": 8,
            "object_id": "27",
            "object_repr": "UserContributionModel object (27)",
            "action_flag": 1,
            "change_message": "[{\"added\": {}}]"
        }
    },
    {
        "model": "admin.logentry",
        "pk": 142,
        "fields": {
            "action_time": "2020-07-30T21:11:25.929Z",
            "user": 1,
            "content_type": 4,
            "object_id": "36",
            "object_repr": "CleanSquad",
            "action_flag": 1,
            "change_message": "[{\"added\": {}}]"
        }
    },
    {
        "model": "admin.logentry",
        "pk": 143,
        "fields": {
            "action_time": "2020-07-30T21:11:51.516Z",
            "user": 1,
            "content_type": 4,
            "object_id": "36",
            "object_repr": "CleanSquad",
            "action_flag": 2,
            "change_message": "[{\"changed\": {\"fields\": [\"First name\", \"Last name\", \"Email address\", \"Groups\"]}}]"
        }
    },
    {
        "model": "admin.logentry",
        "pk": 144,
        "fields": {
            "action_time": "2020-07-30T21:12:16.783Z",
            "user": 1,
            "content_type": 8,
            "object_id": "28",
            "object_repr": "UserContributionModel object (28)",
            "action_flag": 1,
            "change_message": "[{\"added\": {}}]"
        }
    },
    {
        "model": "admin.logentry",
        "pk": 145,
        "fields": {
            "action_time": "2020-07-30T21:12:44.916Z",
            "user": 1,
            "content_type": 9,
            "object_id": "27",
            "object_repr": "CleanSquad",
            "action_flag": 1,
            "change_message": "[{\"added\": {}}]"
        }
    },
    {
        "model": "admin.logentry",
        "pk": 146,
        "fields": {
            "action_time": "2020-08-01T03:01:48.250Z",
            "user": 1,
            "content_type": 12,
            "object_id": "67",
            "object_repr": "ActiveImages object (67)",
            "action_flag": 1,
            "change_message": "[{\"added\": {}}]"
        }
    },
    {
        "model": "admin.logentry",
        "pk": 147,
        "fields": {
            "action_time": "2020-08-01T03:03:00.583Z",
            "user": 1,
            "content_type": 12,
            "object_id": "68",
            "object_repr": "ActiveImages object (68)",
            "action_flag": 1,
            "change_message": "[{\"added\": {}}]"
        }
    },
    {
        "model": "admin.logentry",
        "pk": 148,
        "fields": {
            "action_time": "2020-08-01T03:03:58.157Z",
            "user": 1,
            "content_type": 12,
            "object_id": "69",
            "object_repr": "ActiveImages object (69)",
            "action_flag": 1,
            "change_message": "[{\"added\": {}}]"
        }
    },
    {
        "model": "admin.logentry",
        "pk": 149,
        "fields": {
            "action_time": "2020-08-01T05:03:10.954Z",
            "user": 1,
            "content_type": 12,
            "object_id": "70",
            "object_repr": "ActiveImages object (70)",
            "action_flag": 1,
            "change_message": "[{\"added\": {}}]"
        }
    },
    {
        "model": "admin.logentry",
        "pk": 150,
        "fields": {
            "action_time": "2020-08-01T05:04:12.294Z",
            "user": 1,
            "content_type": 12,
            "object_id": "71",
            "object_repr": "ActiveImages object (71)",
            "action_flag": 1,
            "change_message": "[{\"added\": {}}]"
        }
    }
]